Gemeente,gem_code,tot_inwoners,Aantal,Leden_per_10000_inwoners,weeknumber,tot_responders,tot_cases,perc_case
's-Gravenhage,518,537765,426,7.92,42,1,1,1
's-Gravenhage,518,537765,426,7.92,43,67,4,0.06
's-Gravenhage,518,537765,426,7.92,44,167,9,0.054
's-Gravenhage,518,537765,426,7.92,45,232,7,0.03
's-Gravenhage,518,537765,426,7.92,46,287,16,0.056
's-Gravenhage,518,537765,426,7.92,47,27,1,0.037
's-Hertogenbosch,796,154200,207,13.42,42,1,0,0
's-Hertogenbosch,796,154200,207,13.42,43,35,3,0.086
's-Hertogenbosch,796,154200,207,13.42,44,75,8,0.107
's-Hertogenbosch,796,154200,207,13.42,45,116,8,0.069
's-Hertogenbosch,796,154200,207,13.42,46,133,7,0.053
's-Hertogenbosch,796,154200,207,13.42,47,10,0,0
Aa en Hunze,1680,25390,34,13.39,43,1,1,1
Aa en Hunze,1680,25390,34,13.39,44,8,1,0.125
Aa en Hunze,1680,25390,34,13.39,45,21,2,0.095
Aa en Hunze,1680,25390,34,13.39,46,19,1,0.053
Aa en Hunze,1680,25390,34,13.39,47,2,0,0
Aalsmeer,358,31725,22,6.93,42,1,0,0
Aalsmeer,358,31725,22,6.93,43,5,0,0
Aalsmeer,358,31725,22,6.93,44,10,0,0
Aalsmeer,358,31725,22,6.93,45,9,1,0.111
Aalsmeer,358,31725,22,6.93,46,15,0,0
Aalsmeer,358,31725,22,6.93,47,2,0,0
Aalten,197,27010,13,4.81,43,3,0,0
Aalten,197,27010,13,4.81,44,7,1,0.143
Aalten,197,27010,13,4.81,45,9,0,0
Aalten,197,27010,13,4.81,46,10,0,0
Achtkarspelen,59,27860,18,6.46,42,2,0,0
Achtkarspelen,59,27860,18,6.46,43,3,1,0.333
Achtkarspelen,59,27860,18,6.46,44,7,0,0
Achtkarspelen,59,27860,18,6.46,45,14,2,0.143
Achtkarspelen,59,27860,18,6.46,46,15,0,0
Achtkarspelen,59,27860,18,6.46,47,1,0,0
Alblasserdam,482,20065,16,7.97,43,2,0,0
Alblasserdam,482,20065,16,7.97,44,6,1,0.167
Alblasserdam,482,20065,16,7.97,45,11,1,0.091
Alblasserdam,482,20065,16,7.97,46,12,0,0
Alblasserdam,482,20065,16,7.97,47,3,0,0
Albrandswaard,613,25270,32,12.66,43,3,1,0.333
Albrandswaard,613,25270,32,12.66,44,14,1,0.071
Albrandswaard,613,25270,32,12.66,45,19,2,0.105
Albrandswaard,613,25270,32,12.66,46,25,3,0.12
Albrandswaard,613,25270,32,12.66,47,2,0,0
Alkmaar,361,108545,126,11.61,42,2,0,0
Alkmaar,361,108545,126,11.61,43,17,2,0.118
Alkmaar,361,108545,126,11.61,44,43,2,0.047
Alkmaar,361,108545,126,11.61,45,80,7,0.088
Alkmaar,361,108545,126,11.61,46,90,8,0.089
Alkmaar,361,108545,126,11.61,47,7,0,0
Almelo,141,72850,67,9.2,43,11,2,0.182
Almelo,141,72850,67,9.2,44,26,4,0.154
Almelo,141,72850,67,9.2,45,41,3,0.073
Almelo,141,72850,67,9.2,46,40,5,0.125
Almelo,141,72850,67,9.2,47,5,0,0
Almere,34,207905,167,8.03,42,3,0,0
Almere,34,207905,167,8.03,43,19,1,0.053
Almere,34,207905,167,8.03,44,65,5,0.077
Almere,34,207905,167,8.03,45,107,11,0.103
Almere,34,207905,167,8.03,46,128,9,0.07
Almere,34,207905,167,8.03,47,3,0,0
Alphen-Chaam,1723,10140,12,11.83,44,4,0,0
Alphen-Chaam,1723,10140,12,11.83,45,5,0,0
Alphen-Chaam,1723,10140,12,11.83,46,9,1,0.111
Alphen-Chaam,1723,10140,12,11.83,47,1,0,0
Alphen aan den Rijn,484,110990,98,8.83,42,1,0,0
Alphen aan den Rijn,484,110990,98,8.83,43,19,1,0.053
Alphen aan den Rijn,484,110990,98,8.83,44,32,2,0.062
Alphen aan den Rijn,484,110990,98,8.83,45,54,2,0.037
Alphen aan den Rijn,484,110990,98,8.83,46,75,3,0.04
Alphen aan den Rijn,484,110990,98,8.83,47,2,0,0
Altena,1959,55385,49,8.85,43,8,0,0
Altena,1959,55385,49,8.85,44,19,0,0
Altena,1959,55385,49,8.85,45,25,4,0.16
Altena,1959,55385,49,8.85,46,36,2,0.056
Altena,1959,55385,49,8.85,47,2,0,0
Ameland,60,3675,1,2.72,46,1,0,0
Amersfoort,307,156285,216,13.82,42,1,0,0
Amersfoort,307,156285,216,13.82,43,22,2,0.091
Amersfoort,307,156285,216,13.82,44,69,7,0.101
Amersfoort,307,156285,216,13.82,45,113,12,0.106
Amersfoort,307,156285,216,13.82,46,137,10,0.073
Amersfoort,307,156285,216,13.82,47,14,3,0.214
Amstelveen,362,90845,87,9.58,42,2,1,0.5
Amstelveen,362,90845,87,9.58,43,9,1,0.111
Amstelveen,362,90845,87,9.58,44,30,3,0.1
Amstelveen,362,90845,87,9.58,45,53,4,0.075
Amstelveen,362,90845,87,9.58,46,59,2,0.034
Amstelveen,362,90845,87,9.58,47,4,1,0.25
Amsterdam,363,862665,583,6.76,42,5,0,0
Amsterdam,363,862665,583,6.76,43,83,8,0.096
Amsterdam,363,862665,583,6.76,44,195,13,0.067
Amsterdam,363,862665,583,6.76,45,312,20,0.064
Amsterdam,363,862665,583,6.76,46,368,24,0.065
Amsterdam,363,862665,583,6.76,47,34,3,0.088
Apeldoorn,200,162450,134,8.25,42,1,0,0
Apeldoorn,200,162450,134,8.25,43,16,1,0.062
Apeldoorn,200,162450,134,8.25,44,52,7,0.135
Apeldoorn,200,162450,134,8.25,45,79,5,0.063
Apeldoorn,200,162450,134,8.25,46,93,5,0.054
Apeldoorn,200,162450,134,8.25,47,8,1,0.125
Appingedam,3,11715,5,4.27,42,1,0,0
Appingedam,3,11715,5,4.27,44,3,0,0
Appingedam,3,11715,5,4.27,45,4,0,0
Appingedam,3,11715,5,4.27,46,4,0,0
Arnhem,202,159265,156,9.79,42,1,0,0
Arnhem,202,159265,156,9.79,43,31,1,0.032
Arnhem,202,159265,156,9.79,44,59,4,0.068
Arnhem,202,159265,156,9.79,45,88,6,0.068
Arnhem,202,159265,156,9.79,46,109,9,0.083
Arnhem,202,159265,156,9.79,47,9,0,0
Assen,106,67965,68,10.01,42,1,1,1
Assen,106,67965,68,10.01,43,7,2,0.286
Assen,106,67965,68,10.01,44,24,2,0.083
Assen,106,67965,68,10.01,45,34,2,0.059
Assen,106,67965,68,10.01,46,44,2,0.045
Assen,106,67965,68,10.01,47,3,0,0
Asten,743,16705,18,10.78,44,9,1,0.111
Asten,743,16705,18,10.78,45,11,0,0
Asten,743,16705,18,10.78,46,11,1,0.091
Asten,743,16705,18,10.78,47,1,0,0
Baarle-Nassau,744,6850,2,2.92,44,1,0,0
Baarle-Nassau,744,6850,2,2.92,45,1,0,0
Baarle-Nassau,744,6850,2,2.92,46,1,0,0
Baarn,308,24765,33,13.33,43,3,0,0
Baarn,308,24765,33,13.33,44,17,0,0
Baarn,308,24765,33,13.33,45,20,1,0.05
Baarn,308,24765,33,13.33,46,26,2,0.077
Baarn,308,24765,33,13.33,47,3,0,0
Barendrecht,489,48675,63,12.94,42,1,0,0
Barendrecht,489,48675,63,12.94,43,10,1,0.1
Barendrecht,489,48675,63,12.94,44,26,2,0.077
Barendrecht,489,48675,63,12.94,45,37,3,0.081
Barendrecht,489,48675,63,12.94,46,51,5,0.098
Barendrecht,489,48675,63,12.94,47,3,0,0
Barneveld,203,57970,76,13.11,43,18,4,0.222
Barneveld,203,57970,76,13.11,44,32,2,0.062
Barneveld,203,57970,76,13.11,45,46,2,0.043
Barneveld,203,57970,76,13.11,46,50,3,0.06
Barneveld,203,57970,76,13.11,47,3,0,0
Beek,888,15930,16,10.04,42,1,0,0
Beek,888,15930,16,10.04,44,4,0,0
Beek,888,15930,16,10.04,45,11,1,0.091
Beek,888,15930,16,10.04,46,12,0,0
Beek,888,15930,16,10.04,47,1,0,0
Beekdaelen,1954,35730,36,10.08,43,5,1,0.2
Beekdaelen,1954,35730,36,10.08,44,15,0,0
Beekdaelen,1954,35730,36,10.08,45,21,0,0
Beekdaelen,1954,35730,36,10.08,46,28,2,0.071
Beekdaelen,1954,35730,36,10.08,47,4,1,0.25
Beemster,370,9745,11,11.29,43,1,0,0
Beemster,370,9745,11,11.29,44,4,0,0
Beemster,370,9745,11,11.29,45,6,0,0
Beemster,370,9745,11,11.29,46,10,0,0
Beemster,370,9745,11,11.29,47,1,0,0
Beesel,889,13520,9,6.66,44,3,0,0
Beesel,889,13520,9,6.66,45,3,0,0
Beesel,889,13520,9,6.66,46,4,0,0
Berg en Dal,1945,34800,22,6.32,43,5,0,0
Berg en Dal,1945,34800,22,6.32,44,7,0,0
Berg en Dal,1945,34800,22,6.32,45,10,0,0
Berg en Dal,1945,34800,22,6.32,46,13,1,0.077
Berg en Dal,1945,34800,22,6.32,47,3,0,0
Bergeijk,1724,18485,12,6.49,43,1,0,0
Bergeijk,1724,18485,12,6.49,44,2,1,0.5
Bergeijk,1724,18485,12,6.49,45,6,1,0.167
Bergeijk,1724,18485,12,6.49,46,10,0,0
Bergeijk,1724,18485,12,6.49,47,2,0,0
Bergen (L.),893,13145,5,3.8,43,2,0,0
Bergen (L.),893,13145,5,3.8,44,2,0,0
Bergen (L.),893,13145,5,3.8,45,3,0,0
Bergen (L.),893,13145,5,3.8,46,3,0,0
Bergen (NH.),373,29980,22,7.34,42,1,0,0
Bergen (NH.),373,29980,22,7.34,43,2,0,0
Bergen (NH.),373,29980,22,7.34,44,5,0,0
Bergen (NH.),373,29980,22,7.34,45,12,1,0.083
Bergen (NH.),373,29980,22,7.34,46,11,1,0.091
Bergen (NH.),373,29980,22,7.34,47,3,0,0
Bergen op Zoom,748,66800,74,11.08,43,11,0,0
Bergen op Zoom,748,66800,74,11.08,44,24,1,0.042
Bergen op Zoom,748,66800,74,11.08,45,43,1,0.023
Bergen op Zoom,748,66800,74,11.08,46,50,2,0.04
Bergen op Zoom,748,66800,74,11.08,47,5,1,0.2
Berkelland,1859,43905,24,5.47,43,5,2,0.4
Berkelland,1859,43905,24,5.47,44,6,0,0
Berkelland,1859,43905,24,5.47,45,11,0,0
Berkelland,1859,43905,24,5.47,46,16,0,0
Berkelland,1859,43905,24,5.47,47,2,0,0
Bernheze,1721,30750,34,11.06,42,1,0,0
Bernheze,1721,30750,34,11.06,43,6,0,0
Bernheze,1721,30750,34,11.06,44,12,0,0
Bernheze,1721,30750,34,11.06,45,21,1,0.048
Bernheze,1721,30750,34,11.06,46,23,1,0.043
Bernheze,1721,30750,34,11.06,47,1,0,0
Best,753,29820,35,11.74,43,4,0,0
Best,753,29820,35,11.74,44,17,2,0.118
Best,753,29820,35,11.74,45,24,0,0
Best,753,29820,35,11.74,46,26,1,0.038
Best,753,29820,35,11.74,47,1,0,0
Beuningen,209,25880,18,6.96,42,1,0,0
Beuningen,209,25880,18,6.96,44,8,1,0.125
Beuningen,209,25880,18,6.96,45,10,1,0.1
Beuningen,209,25880,18,6.96,46,17,0,0
Beuningen,209,25880,18,6.96,47,3,0,0
Beverwijk,375,41180,37,8.98,43,4,0,0
Beverwijk,375,41180,37,8.98,44,13,0,0
Beverwijk,375,41180,37,8.98,45,20,1,0.05
Beverwijk,375,41180,37,8.98,46,21,0,0
Beverwijk,375,41180,37,8.98,47,7,0,0
Bladel,1728,20180,16,7.93,43,5,0,0
Bladel,1728,20180,16,7.93,44,7,0,0
Bladel,1728,20180,16,7.93,45,14,0,0
Bladel,1728,20180,16,7.93,46,16,0,0
Blaricum,376,11200,8,7.14,43,2,0,0
Blaricum,376,11200,8,7.14,44,2,0,0
Blaricum,376,11200,8,7.14,45,3,2,0.667
Blaricum,376,11200,8,7.14,46,3,0,0
Bloemendaal,377,23410,16,6.83,43,2,0,0
Bloemendaal,377,23410,16,6.83,44,8,0,0
Bloemendaal,377,23410,16,6.83,45,7,0,0
Bloemendaal,377,23410,16,6.83,46,11,0,0
Bloemendaal,377,23410,16,6.83,47,2,0,0
Bodegraven-Reeuwijk,1901,34460,21,6.09,43,2,0,0
Bodegraven-Reeuwijk,1901,34460,21,6.09,44,7,0,0
Bodegraven-Reeuwijk,1901,34460,21,6.09,45,12,1,0.083
Bodegraven-Reeuwijk,1901,34460,21,6.09,46,13,1,0.077
Bodegraven-Reeuwijk,1901,34460,21,6.09,47,1,0,0
Boekel,755,10585,10,9.45,44,1,0,0
Boekel,755,10585,10,9.45,45,7,1,0.143
Boekel,755,10585,10,9.45,46,8,0,0
Borger-Odoorn,1681,25370,12,4.73,43,4,3,0.75
Borger-Odoorn,1681,25370,12,4.73,44,6,1,0.167
Borger-Odoorn,1681,25370,12,4.73,45,5,1,0.2
Borger-Odoorn,1681,25370,12,4.73,46,5,1,0.2
Borger-Odoorn,1681,25370,12,4.73,47,1,0,0
Borne,147,23205,13,5.6,44,5,1,0.2
Borne,147,23205,13,5.6,45,7,1,0.143
Borne,147,23205,13,5.6,46,7,1,0.143
Borne,147,23205,13,5.6,47,1,0,0
Borsele,654,22800,15,6.58,43,2,0,0
Borsele,654,22800,15,6.58,44,2,0,0
Borsele,654,22800,15,6.58,45,4,0,0
Borsele,654,22800,15,6.58,46,5,0,0
Boxmeer,756,29070,36,12.38,43,6,0,0
Boxmeer,756,29070,36,12.38,44,18,2,0.111
Boxmeer,756,29070,36,12.38,45,17,1,0.059
Boxmeer,756,29070,36,12.38,46,28,3,0.107
Boxmeer,756,29070,36,12.38,47,2,0,0
Boxtel,757,30745,34,11.06,43,7,1,0.143
Boxtel,757,30745,34,11.06,44,8,1,0.125
Boxtel,757,30745,34,11.06,45,23,1,0.043
Boxtel,757,30745,34,11.06,46,26,1,0.038
Boxtel,757,30745,34,11.06,47,1,0,0
Breda,758,183815,215,11.7,43,32,1,0.031
Breda,758,183815,215,11.7,44,102,4,0.039
Breda,758,183815,215,11.7,45,124,10,0.081
Breda,758,183815,215,11.7,46,152,7,0.046
Breda,758,183815,215,11.7,47,14,0,0
Brielle,501,17185,25,14.55,43,2,0,0
Brielle,501,17185,25,14.55,44,9,0,0
Brielle,501,17185,25,14.55,45,15,0,0
Brielle,501,17185,25,14.55,46,16,0,0
Brielle,501,17185,25,14.55,47,1,0,0
Bronckhorst,1876,36215,30,8.28,43,7,0,0
Bronckhorst,1876,36215,30,8.28,44,6,0,0
Bronckhorst,1876,36215,30,8.28,45,16,0,0
Bronckhorst,1876,36215,30,8.28,46,15,0,0
Bronckhorst,1876,36215,30,8.28,47,2,0,0
Brummen,213,20695,18,8.7,43,1,1,1
Brummen,213,20695,18,8.7,44,6,1,0.167
Brummen,213,20695,18,8.7,45,9,1,0.111
Brummen,213,20695,18,8.7,46,13,1,0.077
Brummen,213,20695,18,8.7,47,1,0,0
Brunssum,899,28100,19,6.76,42,1,0,0
Brunssum,899,28100,19,6.76,43,3,1,0.333
Brunssum,899,28100,19,6.76,44,7,0,0
Brunssum,899,28100,19,6.76,45,13,0,0
Brunssum,899,28100,19,6.76,46,15,1,0.067
Brunssum,899,28100,19,6.76,47,2,0,0
Bunnik,312,15190,17,11.19,43,3,2,0.667
Bunnik,312,15190,17,11.19,44,3,0,0
Bunnik,312,15190,17,11.19,45,9,1,0.111
Bunnik,312,15190,17,11.19,46,10,2,0.2
Bunnik,312,15190,17,11.19,47,2,2,1
Bunschoten,313,21575,9,4.17,43,2,1,0.5
Bunschoten,313,21575,9,4.17,44,5,0,0
Bunschoten,313,21575,9,4.17,45,5,0,0
Bunschoten,313,21575,9,4.17,46,8,0,0
Bunschoten,313,21575,9,4.17,47,2,0,0
Buren,214,26495,23,8.68,43,4,0,0
Buren,214,26495,23,8.68,44,6,1,0.167
Buren,214,26495,23,8.68,45,13,3,0.231
Buren,214,26495,23,8.68,46,15,0,0
Buren,214,26495,23,8.68,47,2,0,0
Capelle aan den IJssel,502,66820,51,7.63,43,10,1,0.1
Capelle aan den IJssel,502,66820,51,7.63,44,22,4,0.182
Capelle aan den IJssel,502,66820,51,7.63,45,29,2,0.069
Capelle aan den IJssel,502,66820,51,7.63,46,34,0,0
Capelle aan den IJssel,502,66820,51,7.63,47,2,0,0
Castricum,383,35770,45,12.58,43,8,0,0
Castricum,383,35770,45,12.58,44,19,1,0.053
Castricum,383,35770,45,12.58,45,28,1,0.036
Castricum,383,35770,45,12.58,46,29,1,0.034
Castricum,383,35770,45,12.58,47,2,0,0
Coevorden,109,35485,22,6.2,43,3,2,0.667
Coevorden,109,35485,22,6.2,44,7,1,0.143
Coevorden,109,35485,22,6.2,45,11,2,0.182
Coevorden,109,35485,22,6.2,46,11,2,0.182
Coevorden,109,35485,22,6.2,47,1,0,0
Cranendonck,1706,20440,40,19.57,43,10,0,0
Cranendonck,1706,20440,40,19.57,44,15,0,0
Cranendonck,1706,20440,40,19.57,45,25,1,0.04
Cranendonck,1706,20440,40,19.57,46,29,0,0
Cranendonck,1706,20440,40,19.57,47,2,0,0
Cuijk,1684,24925,25,10.03,43,2,0,0
Cuijk,1684,24925,25,10.03,44,8,0,0
Cuijk,1684,24925,25,10.03,45,9,1,0.111
Cuijk,1684,24925,25,10.03,46,15,0,0
Cuijk,1684,24925,25,10.03,47,1,0,0
Culemborg,216,28555,32,11.21,43,4,2,0.5
Culemborg,216,28555,32,11.21,44,10,1,0.1
Culemborg,216,28555,32,11.21,45,16,2,0.125
Culemborg,216,28555,32,11.21,46,18,2,0.111
Culemborg,216,28555,32,11.21,47,3,0,0
Dalfsen,148,28490,18,6.32,43,4,1,0.25
Dalfsen,148,28490,18,6.32,44,7,1,0.143
Dalfsen,148,28490,18,6.32,45,12,0,0
Dalfsen,148,28490,18,6.32,46,16,1,0.062
Dantumadiel,1891,18925,12,6.34,43,1,0,0
Dantumadiel,1891,18925,12,6.34,44,8,2,0.25
Dantumadiel,1891,18925,12,6.34,45,2,0,0
Dantumadiel,1891,18925,12,6.34,46,4,0,0
Dantumadiel,1891,18925,12,6.34,47,1,0,0
De Bilt,310,42830,74,17.28,43,11,0,0
De Bilt,310,42830,74,17.28,44,25,0,0
De Bilt,310,42830,74,17.28,45,41,3,0.073
De Bilt,310,42830,74,17.28,46,50,4,0.08
De Bilt,310,42830,74,17.28,47,5,0,0
De Fryske Marren,1940,51425,32,6.22,43,6,0,0
De Fryske Marren,1940,51425,32,6.22,44,9,0,0
De Fryske Marren,1940,51425,32,6.22,45,17,2,0.118
De Fryske Marren,1940,51425,32,6.22,46,17,1,0.059
De Fryske Marren,1940,51425,32,6.22,47,1,0,0
De Ronde Venen,736,44050,40,9.08,42,2,0,0
De Ronde Venen,736,44050,40,9.08,43,4,2,0.5
De Ronde Venen,736,44050,40,9.08,44,19,1,0.053
De Ronde Venen,736,44050,40,9.08,45,23,1,0.043
De Ronde Venen,736,44050,40,9.08,46,32,1,0.031
De Ronde Venen,736,44050,40,9.08,47,2,0,0
De Wolden,1690,24105,16,6.64,43,2,0,0
De Wolden,1690,24105,16,6.64,44,6,0,0
De Wolden,1690,24105,16,6.64,45,9,0,0
De Wolden,1690,24105,16,6.64,46,9,1,0.111
De Wolden,1690,24105,16,6.64,47,1,0,0
Delft,503,103160,112,10.86,43,16,1,0.062
Delft,503,103160,112,10.86,44,47,5,0.106
Delft,503,103160,112,10.86,45,67,3,0.045
Delft,503,103160,112,10.86,46,78,6,0.077
Delft,503,103160,112,10.86,47,8,1,0.125
Delfzijl,10,24715,14,5.66,43,5,1,0.2
Delfzijl,10,24715,14,5.66,44,4,1,0.25
Delfzijl,10,24715,14,5.66,45,9,0,0
Delfzijl,10,24715,14,5.66,46,9,0,0
Delfzijl,10,24715,14,5.66,47,1,0,0
Den Helder,400,55605,37,6.65,43,3,0,0
Den Helder,400,55605,37,6.65,44,9,0,0
Den Helder,400,55605,37,6.65,45,19,0,0
Den Helder,400,55605,37,6.65,46,23,1,0.043
Den Helder,400,55605,37,6.65,47,1,0,0
Deurne,762,32360,20,6.18,43,4,0,0
Deurne,762,32360,20,6.18,44,11,0,0
Deurne,762,32360,20,6.18,45,16,2,0.125
Deurne,762,32360,20,6.18,46,17,0,0
Deventer,150,99955,96,9.6,42,3,0,0
Deventer,150,99955,96,9.6,43,11,0,0
Deventer,150,99955,96,9.6,44,46,4,0.087
Deventer,150,99955,96,9.6,45,45,3,0.067
Deventer,150,99955,96,9.6,46,71,4,0.056
Deventer,150,99955,96,9.6,47,5,0,0
Diemen,384,29200,32,10.96,43,3,0,0
Diemen,384,29200,32,10.96,44,11,3,0.273
Diemen,384,29200,32,10.96,45,13,2,0.154
Diemen,384,29200,32,10.96,46,19,2,0.105
Diemen,384,29200,32,10.96,47,1,0,0
Dinkelland,1774,26345,12,4.55,43,1,0,0
Dinkelland,1774,26345,12,4.55,44,3,1,0.333
Dinkelland,1774,26345,12,4.55,45,8,0,0
Dinkelland,1774,26345,12,4.55,46,10,0,0
Doesburg,221,11150,8,7.17,43,1,0,0
Doesburg,221,11150,8,7.17,44,3,0,0
Doesburg,221,11150,8,7.17,45,5,0,0
Doesburg,221,11150,8,7.17,46,6,0,0
Doesburg,221,11150,8,7.17,47,1,0,0
Doetinchem,222,57555,37,6.43,42,1,0,0
Doetinchem,222,57555,37,6.43,43,7,2,0.286
Doetinchem,222,57555,37,6.43,44,10,1,0.1
Doetinchem,222,57555,37,6.43,45,26,2,0.077
Doetinchem,222,57555,37,6.43,46,28,0,0
Dongen,766,26055,25,9.6,43,2,1,0.5
Dongen,766,26055,25,9.6,44,8,0,0
Dongen,766,26055,25,9.6,45,13,1,0.077
Dongen,766,26055,25,9.6,46,19,2,0.105
Dordrecht,505,118645,94,7.92,43,12,2,0.167
Dordrecht,505,118645,94,7.92,44,38,5,0.132
Dordrecht,505,118645,94,7.92,45,55,1,0.018
Dordrecht,505,118645,94,7.92,46,67,3,0.045
Dordrecht,505,118645,94,7.92,47,6,0,0
Drechterland,498,19600,18,9.18,43,4,0,0
Drechterland,498,19600,18,9.18,44,4,0,0
Drechterland,498,19600,18,9.18,45,11,0,0
Drechterland,498,19600,18,9.18,46,13,1,0.077
Drechterland,498,19600,18,9.18,47,1,0,0
Drimmelen,1719,27155,28,10.31,43,3,0,0
Drimmelen,1719,27155,28,10.31,44,11,2,0.182
Drimmelen,1719,27155,28,10.31,45,15,2,0.133
Drimmelen,1719,27155,28,10.31,46,18,1,0.056
Drimmelen,1719,27155,28,10.31,47,2,0,0
Dronten,303,40815,35,8.58,43,7,1,0.143
Dronten,303,40815,35,8.58,44,18,1,0.056
Dronten,303,40815,35,8.58,45,20,1,0.05
Dronten,303,40815,35,8.58,46,28,1,0.036
Dronten,303,40815,35,8.58,47,3,0,0
Druten,225,18800,14,7.45,42,1,0,0
Druten,225,18800,14,7.45,43,4,0,0
Druten,225,18800,14,7.45,44,5,0,0
Druten,225,18800,14,7.45,45,6,0,0
Druten,225,18800,14,7.45,46,10,1,0.1
Druten,225,18800,14,7.45,47,1,0,0
Duiven,226,25335,21,8.29,43,3,0,0
Duiven,226,25335,21,8.29,44,6,0,0
Duiven,226,25335,21,8.29,45,11,0,0
Duiven,226,25335,21,8.29,46,16,0,0
Duiven,226,25335,21,8.29,47,3,0,0
Echt-Susteren,1711,31640,18,5.69,44,6,1,0.167
Echt-Susteren,1711,31640,18,5.69,45,11,1,0.091
Echt-Susteren,1711,31640,18,5.69,46,13,1,0.077
Edam-Volendam,385,36095,10,2.77,43,1,0,0
Edam-Volendam,385,36095,10,2.77,44,5,0,0
Edam-Volendam,385,36095,10,2.77,45,7,0,0
Edam-Volendam,385,36095,10,2.77,46,5,0,0
Ede,228,115705,110,9.51,43,16,3,0.188
Ede,228,115705,110,9.51,44,39,3,0.077
Ede,228,115705,110,9.51,45,60,7,0.117
Ede,228,115705,110,9.51,46,70,6,0.086
Ede,228,115705,110,9.51,47,11,1,0.091
Eemnes,317,9110,7,7.68,43,2,0,0
Eemnes,317,9110,7,7.68,44,4,0,0
Eemnes,317,9110,7,7.68,45,5,0,0
Eemnes,317,9110,7,7.68,46,6,0,0
Eersel,770,19110,17,8.9,43,1,0,0
Eersel,770,19110,17,8.9,44,8,1,0.125
Eersel,770,19110,17,8.9,45,12,0,0
Eersel,770,19110,17,8.9,46,15,1,0.067
Eersel,770,19110,17,8.9,47,2,0,0
Eijsden-Margraten,1903,25655,21,8.19,43,2,0,0
Eijsden-Margraten,1903,25655,21,8.19,44,6,0,0
Eijsden-Margraten,1903,25655,21,8.19,45,12,1,0.083
Eijsden-Margraten,1903,25655,21,8.19,46,13,1,0.077
Eijsden-Margraten,1903,25655,21,8.19,47,4,0,0
Eindhoven,772,231625,260,11.23,43,42,6,0.143
Eindhoven,772,231625,260,11.23,44,113,10,0.088
Eindhoven,772,231625,260,11.23,45,172,16,0.093
Eindhoven,772,231625,260,11.23,46,208,10,0.048
Eindhoven,772,231625,260,11.23,47,18,1,0.056
Elburg,230,23085,20,8.66,43,4,0,0
Elburg,230,23085,20,8.66,44,14,3,0.214
Elburg,230,23085,20,8.66,45,15,2,0.133
Elburg,230,23085,20,8.66,46,20,3,0.15
Emmen,114,107110,60,5.6,42,1,0,0
Emmen,114,107110,60,5.6,43,9,0,0
Emmen,114,107110,60,5.6,44,16,2,0.125
Emmen,114,107110,60,5.6,45,32,3,0.094
Emmen,114,107110,60,5.6,46,38,2,0.053
Emmen,114,107110,60,5.6,47,3,1,0.333
Enkhuizen,388,18505,20,10.81,43,3,0,0
Enkhuizen,388,18505,20,10.81,44,11,0,0
Enkhuizen,388,18505,20,10.81,45,11,1,0.091
Enkhuizen,388,18505,20,10.81,46,13,1,0.077
Enkhuizen,388,18505,20,10.81,47,1,0,0
Enschede,153,158990,139,8.74,42,1,0,0
Enschede,153,158990,139,8.74,43,26,4,0.154
Enschede,153,158990,139,8.74,44,48,4,0.083
Enschede,153,158990,139,8.74,45,79,6,0.076
Enschede,153,158990,139,8.74,46,95,7,0.074
Enschede,153,158990,139,8.74,47,10,2,0.2
Epe,232,33155,29,8.75,42,1,0,0
Epe,232,33155,29,8.75,43,3,0,0
Epe,232,33155,29,8.75,44,13,0,0
Epe,232,33155,29,8.75,45,15,1,0.067
Epe,232,33155,29,8.75,46,17,1,0.059
Epe,232,33155,29,8.75,47,3,0,0
Ermelo,233,26855,22,8.19,43,2,0,0
Ermelo,233,26855,22,8.19,44,8,0,0
Ermelo,233,26855,22,8.19,45,12,0,0
Ermelo,233,26855,22,8.19,46,11,1,0.091
Ermelo,233,26855,22,8.19,47,1,0,0
Etten-Leur,777,43775,41,9.37,42,1,0,0
Etten-Leur,777,43775,41,9.37,43,7,0,0
Etten-Leur,777,43775,41,9.37,44,16,1,0.062
Etten-Leur,777,43775,41,9.37,45,29,1,0.034
Etten-Leur,777,43775,41,9.37,46,30,1,0.033
Etten-Leur,777,43775,41,9.37,47,4,0,0
Geertruidenberg,779,21510,30,13.95,43,6,1,0.167
Geertruidenberg,779,21510,30,13.95,44,18,1,0.056
Geertruidenberg,779,21510,30,13.95,45,20,1,0.05
Geertruidenberg,779,21510,30,13.95,46,27,0,0
Geertruidenberg,779,21510,30,13.95,47,1,0,0
Geldrop-Mierlo,1771,39595,45,11.37,42,1,0,0
Geldrop-Mierlo,1771,39595,45,11.37,43,11,0,0
Geldrop-Mierlo,1771,39595,45,11.37,44,13,0,0
Geldrop-Mierlo,1771,39595,45,11.37,45,21,1,0.048
Geldrop-Mierlo,1771,39595,45,11.37,46,28,2,0.071
Geldrop-Mierlo,1771,39595,45,11.37,47,3,0,0
Gemert-Bakel,1652,30455,23,7.55,43,5,3,0.6
Gemert-Bakel,1652,30455,23,7.55,44,9,1,0.111
Gemert-Bakel,1652,30455,23,7.55,45,15,3,0.2
Gemert-Bakel,1652,30455,23,7.55,46,16,2,0.125
Gemert-Bakel,1652,30455,23,7.55,47,2,0,0
Gennep,907,17070,4,2.34,44,3,1,0.333
Gennep,907,17070,4,2.34,45,3,2,0.667
Gennep,907,17070,4,2.34,46,3,1,0.333
Gilze en Rijen,784,26430,28,10.59,42,1,0,0
Gilze en Rijen,784,26430,28,10.59,43,3,1,0.333
Gilze en Rijen,784,26430,28,10.59,44,11,1,0.091
Gilze en Rijen,784,26430,28,10.59,45,18,3,0.167
Gilze en Rijen,784,26430,28,10.59,46,19,1,0.053
Gilze en Rijen,784,26430,28,10.59,47,1,1,1
Goeree-Overflakkee,1924,49605,33,6.65,43,6,0,0
Goeree-Overflakkee,1924,49605,33,6.65,44,7,1,0.143
Goeree-Overflakkee,1924,49605,33,6.65,45,20,2,0.1
Goeree-Overflakkee,1924,49605,33,6.65,46,22,3,0.136
Goeree-Overflakkee,1924,49605,33,6.65,47,2,0,0
Goes,664,37650,43,11.42,43,6,1,0.167
Goes,664,37650,43,11.42,44,17,0,0
Goes,664,37650,43,11.42,45,28,1,0.036
Goes,664,37650,43,11.42,46,35,0,0
Goes,664,37650,43,11.42,47,4,0,0
Goirle,785,23795,35,14.71,43,6,0,0
Goirle,785,23795,35,14.71,44,17,1,0.059
Goirle,785,23795,35,14.71,45,24,1,0.042
Goirle,785,23795,35,14.71,46,29,4,0.138
Gooise Meren,1942,57715,52,9.01,43,6,0,0
Gooise Meren,1942,57715,52,9.01,44,20,1,0.05
Gooise Meren,1942,57715,52,9.01,45,23,3,0.13
Gooise Meren,1942,57715,52,9.01,46,34,2,0.059
Gooise Meren,1942,57715,52,9.01,47,3,0,0
Gorinchem,512,36685,28,7.63,43,6,2,0.333
Gorinchem,512,36685,28,7.63,44,13,1,0.077
Gorinchem,512,36685,28,7.63,45,19,3,0.158
Gorinchem,512,36685,28,7.63,46,18,1,0.056
Gorinchem,512,36685,28,7.63,47,1,0,0
Gouda,513,73180,81,11.07,42,1,0,0
Gouda,513,73180,81,11.07,43,10,0,0
Gouda,513,73180,81,11.07,44,23,1,0.043
Gouda,513,73180,81,11.07,45,42,0,0
Gouda,513,73180,81,11.07,46,52,1,0.019
Gouda,513,73180,81,11.07,47,5,0,0
Grave,786,12485,17,13.62,43,1,0,0
Grave,786,12485,17,13.62,44,7,2,0.286
Grave,786,12485,17,13.62,45,8,1,0.125
Grave,786,12485,17,13.62,46,11,3,0.273
Grave,786,12485,17,13.62,47,1,0,0
Groningen,14,231300,295,12.75,42,2,0,0
Groningen,14,231300,295,12.75,43,44,1,0.023
Groningen,14,231300,295,12.75,44,119,8,0.067
Groningen,14,231300,295,12.75,45,163,11,0.067
Groningen,14,231300,295,12.75,46,177,12,0.068
Groningen,14,231300,295,12.75,47,16,2,0.125
Gulpen-Wittem,1729,14245,14,9.83,43,4,0,0
Gulpen-Wittem,1729,14245,14,9.83,44,6,0,0
Gulpen-Wittem,1729,14245,14,9.83,45,9,0,0
Gulpen-Wittem,1729,14245,14,9.83,46,14,0,0
Gulpen-Wittem,1729,14245,14,9.83,47,2,0,0
Haaksbergen,158,24250,9,3.71,42,1,0,0
Haaksbergen,158,24250,9,3.71,43,1,0,0
Haaksbergen,158,24250,9,3.71,44,5,2,0.4
Haaksbergen,158,24250,9,3.71,45,5,0,0
Haaksbergen,158,24250,9,3.71,46,7,2,0.286
Haaren,788,14190,13,9.16,44,8,1,0.125
Haaren,788,14190,13,9.16,45,8,0,0
Haaren,788,14190,13,9.16,46,12,1,0.083
Haaren,788,14190,13,9.16,47,1,0,0
Haarlem,392,161260,161,9.98,42,3,0,0
Haarlem,392,161260,161,9.98,43,19,3,0.158
Haarlem,392,161260,161,9.98,44,58,6,0.103
Haarlem,392,161260,161,9.98,45,84,7,0.083
Haarlem,392,161260,161,9.98,46,98,3,0.031
Haarlem,392,161260,161,9.98,47,5,0,0
Haarlemmermeer,394,154225,152,9.86,42,1,0,0
Haarlemmermeer,394,154225,152,9.86,43,29,6,0.207
Haarlemmermeer,394,154225,152,9.86,44,61,2,0.033
Haarlemmermeer,394,154225,152,9.86,45,85,8,0.094
Haarlemmermeer,394,154225,152,9.86,46,114,8,0.07
Haarlemmermeer,394,154225,152,9.86,47,7,0,0
Halderberge,1655,30195,29,9.6,43,1,0,0
Halderberge,1655,30195,29,9.6,44,14,0,0
Halderberge,1655,30195,29,9.6,45,18,0,0
Halderberge,1655,30195,29,9.6,46,22,1,0.045
Halderberge,1655,30195,29,9.6,47,3,0,0
Hardenberg,160,60580,48,7.92,42,1,0,0
Hardenberg,160,60580,48,7.92,43,11,0,0
Hardenberg,160,60580,48,7.92,44,15,0,0
Hardenberg,160,60580,48,7.92,45,29,0,0
Hardenberg,160,60580,48,7.92,46,31,2,0.065
Hardenberg,160,60580,48,7.92,47,2,0,0
Harderwijk,243,47575,42,8.83,43,8,0,0
Harderwijk,243,47575,42,8.83,44,16,3,0.188
Harderwijk,243,47575,42,8.83,45,25,4,0.16
Harderwijk,243,47575,42,8.83,46,26,1,0.038
Harderwijk,243,47575,42,8.83,47,1,0,0
Hardinxveld-Giessendam,523,18055,9,4.98,43,2,1,0.5
Hardinxveld-Giessendam,523,18055,9,4.98,44,2,0,0
Hardinxveld-Giessendam,523,18055,9,4.98,45,6,1,0.167
Hardinxveld-Giessendam,523,18055,9,4.98,46,9,1,0.111
Hardinxveld-Giessendam,523,18055,9,4.98,47,1,0,0
Harlingen,72,15765,10,6.34,43,2,0,0
Harlingen,72,15765,10,6.34,44,3,1,0.333
Harlingen,72,15765,10,6.34,45,6,1,0.167
Harlingen,72,15765,10,6.34,46,8,1,0.125
Harlingen,72,15765,10,6.34,47,1,0,0
Hattem,244,12175,10,8.21,43,1,0,0
Hattem,244,12175,10,8.21,44,6,0,0
Hattem,244,12175,10,8.21,45,8,0,0
Hattem,244,12175,10,8.21,46,8,2,0.25
Hattem,244,12175,10,8.21,47,1,0,0
Heemskerk,396,39160,50,12.77,42,1,0,0
Heemskerk,396,39160,50,12.77,43,7,0,0
Heemskerk,396,39160,50,12.77,44,19,2,0.105
Heemskerk,396,39160,50,12.77,45,28,3,0.107
Heemskerk,396,39160,50,12.77,46,40,6,0.15
Heemskerk,396,39160,50,12.77,47,5,0,0
Heemstede,397,27290,21,7.7,43,3,0,0
Heemstede,397,27290,21,7.7,44,7,1,0.143
Heemstede,397,27290,21,7.7,45,11,1,0.091
Heemstede,397,27290,21,7.7,46,10,1,0.1
Heemstede,397,27290,21,7.7,47,3,0,0
Heerde,246,18540,19,10.25,42,1,1,1
Heerde,246,18540,19,10.25,43,1,0,0
Heerde,246,18540,19,10.25,44,9,1,0.111
Heerde,246,18540,19,10.25,45,10,0,0
Heerde,246,18540,19,10.25,46,12,1,0.083
Heerde,246,18540,19,10.25,47,1,0,0
Heerenveen,74,50245,41,8.16,43,8,0,0
Heerenveen,74,50245,41,8.16,44,17,1,0.059
Heerenveen,74,50245,41,8.16,45,26,2,0.077
Heerenveen,74,50245,41,8.16,46,27,1,0.037
Heerenveen,74,50245,41,8.16,47,1,0,0
Heerhugowaard,398,56730,46,8.11,42,1,0,0
Heerhugowaard,398,56730,46,8.11,43,5,0,0
Heerhugowaard,398,56730,46,8.11,44,17,1,0.059
Heerhugowaard,398,56730,46,8.11,45,28,1,0.036
Heerhugowaard,398,56730,46,8.11,46,30,2,0.067
Heerhugowaard,398,56730,46,8.11,47,2,0,0
Heerlen,917,86835,68,7.83,42,1,0,0
Heerlen,917,86835,68,7.83,43,4,1,0.25
Heerlen,917,86835,68,7.83,44,24,1,0.042
Heerlen,917,86835,68,7.83,45,47,1,0.021
Heerlen,917,86835,68,7.83,46,54,5,0.093
Heerlen,917,86835,68,7.83,47,2,1,0.5
Heeze-Leende,1658,15960,22,13.78,43,3,0,0
Heeze-Leende,1658,15960,22,13.78,44,9,1,0.111
Heeze-Leende,1658,15960,22,13.78,45,15,1,0.067
Heeze-Leende,1658,15960,22,13.78,46,19,0,0
Heiloo,399,23465,28,11.93,43,2,0,0
Heiloo,399,23465,28,11.93,44,11,0,0
Heiloo,399,23465,28,11.93,45,13,1,0.077
Heiloo,399,23465,28,11.93,46,18,0,0
Heiloo,399,23465,28,11.93,47,1,0,0
Hellendoorn,163,35805,28,7.82,43,5,2,0.4
Hellendoorn,163,35805,28,7.82,44,8,1,0.125
Hellendoorn,163,35805,28,7.82,45,14,1,0.071
Hellendoorn,163,35805,28,7.82,46,19,2,0.105
Hellendoorn,163,35805,28,7.82,47,3,1,0.333
Hellevoetsluis,530,40045,24,5.99,43,5,0,0
Hellevoetsluis,530,40045,24,5.99,44,11,0,0
Hellevoetsluis,530,40045,24,5.99,45,16,1,0.062
Hellevoetsluis,530,40045,24,5.99,46,18,0,0
Hellevoetsluis,530,40045,24,5.99,47,2,0,0
Helmond,794,91525,77,8.41,43,15,2,0.133
Helmond,794,91525,77,8.41,44,27,4,0.148
Helmond,794,91525,77,8.41,45,48,7,0.146
Helmond,794,91525,77,8.41,46,59,6,0.102
Helmond,794,91525,77,8.41,47,4,0,0
Hendrik-Ido-Ambacht,531,30965,22,7.1,43,3,0,0
Hendrik-Ido-Ambacht,531,30965,22,7.1,44,13,4,0.308
Hendrik-Ido-Ambacht,531,30965,22,7.1,45,14,4,0.286
Hendrik-Ido-Ambacht,531,30965,22,7.1,46,15,2,0.133
Hendrik-Ido-Ambacht,531,30965,22,7.1,47,1,0,0
Hengelo,164,80680,84,10.41,43,9,2,0.222
Hengelo,164,80680,84,10.41,44,30,3,0.1
Hengelo,164,80680,84,10.41,45,46,2,0.043
Hengelo,164,80680,84,10.41,46,52,0,0
Hengelo,164,80680,84,10.41,47,6,0,0
Het Hogeland,1966,47880,43,8.98,42,1,0,0
Het Hogeland,1966,47880,43,8.98,43,3,0,0
Het Hogeland,1966,47880,43,8.98,44,16,1,0.062
Het Hogeland,1966,47880,43,8.98,45,29,1,0.034
Het Hogeland,1966,47880,43,8.98,46,30,3,0.1
Het Hogeland,1966,47880,43,8.98,47,5,1,0.2
Heumen,252,16490,18,10.92,43,1,0,0
Heumen,252,16490,18,10.92,44,7,1,0.143
Heumen,252,16490,18,10.92,45,10,2,0.2
Heumen,252,16490,18,10.92,46,13,0,0
Heusden,797,44140,54,12.23,43,5,0,0
Heusden,797,44140,54,12.23,44,21,3,0.143
Heusden,797,44140,54,12.23,45,28,1,0.036
Heusden,797,44140,54,12.23,46,37,4,0.108
Heusden,797,44140,54,12.23,47,2,0,0
Hillegom,534,21970,11,5.01,43,1,0,0
Hillegom,534,21970,11,5.01,44,3,0,0
Hillegom,534,21970,11,5.01,45,7,1,0.143
Hillegom,534,21970,11,5.01,46,7,0,0
Hillegom,534,21970,11,5.01,47,1,0,0
Hilvarenbeek,798,15320,14,9.14,43,1,1,1
Hilvarenbeek,798,15320,14,9.14,44,6,2,0.333
Hilvarenbeek,798,15320,14,9.14,45,9,1,0.111
Hilvarenbeek,798,15320,14,9.14,46,9,1,0.111
Hilvarenbeek,798,15320,14,9.14,47,1,0,0
Hilversum,402,90235,106,11.75,43,14,1,0.071
Hilversum,402,90235,106,11.75,44,43,5,0.116
Hilversum,402,90235,106,11.75,45,58,4,0.069
Hilversum,402,90235,106,11.75,46,74,2,0.027
Hilversum,402,90235,106,11.75,47,2,0,0
Hoeksche Waard,1963,86660,94,10.85,42,1,0,0
Hoeksche Waard,1963,86660,94,10.85,43,16,1,0.062
Hoeksche Waard,1963,86660,94,10.85,44,48,3,0.062
Hoeksche Waard,1963,86660,94,10.85,45,56,3,0.054
Hoeksche Waard,1963,86660,94,10.85,46,68,5,0.074
Hoeksche Waard,1963,86660,94,10.85,47,6,0,0
Hof van Twente,1735,34940,24,6.87,43,3,0,0
Hof van Twente,1735,34940,24,6.87,44,10,1,0.1
Hof van Twente,1735,34940,24,6.87,45,14,0,0
Hof van Twente,1735,34940,24,6.87,46,15,0,0
Hof van Twente,1735,34940,24,6.87,47,2,0,0
Hollands Kroon,1911,47820,42,8.78,42,1,0,0
Hollands Kroon,1911,47820,42,8.78,43,2,0,0
Hollands Kroon,1911,47820,42,8.78,44,25,3,0.12
Hollands Kroon,1911,47820,42,8.78,45,19,1,0.053
Hollands Kroon,1911,47820,42,8.78,46,30,0,0
Hollands Kroon,1911,47820,42,8.78,47,3,0,0
Hoogeveen,118,55660,63,11.32,42,1,0,0
Hoogeveen,118,55660,63,11.32,43,10,2,0.2
Hoogeveen,118,55660,63,11.32,44,19,3,0.158
Hoogeveen,118,55660,63,11.32,45,31,2,0.065
Hoogeveen,118,55660,63,11.32,46,42,2,0.048
Hoogeveen,118,55660,63,11.32,47,5,0,0
Hoorn,405,73005,57,7.81,43,4,0,0
Hoorn,405,73005,57,7.81,44,23,4,0.174
Hoorn,405,73005,57,7.81,45,31,2,0.065
Hoorn,405,73005,57,7.81,46,37,4,0.108
Hoorn,405,73005,57,7.81,47,4,0,0
Horst aan de Maas,1507,42285,22,5.2,43,7,2,0.286
Horst aan de Maas,1507,42285,22,5.2,44,10,0,0
Horst aan de Maas,1507,42285,22,5.2,45,16,1,0.062
Horst aan de Maas,1507,42285,22,5.2,46,18,4,0.222
Horst aan de Maas,1507,42285,22,5.2,47,1,1,1
Houten,321,49915,87,17.43,42,1,0,0
Houten,321,49915,87,17.43,43,10,3,0.3
Houten,321,49915,87,17.43,44,27,3,0.111
Houten,321,49915,87,17.43,45,50,6,0.12
Houten,321,49915,87,17.43,46,50,2,0.04
Houten,321,49915,87,17.43,47,7,0,0
Huizen,406,41275,36,8.72,43,7,0,0
Huizen,406,41275,36,8.72,44,15,3,0.2
Huizen,406,41275,36,8.72,45,20,1,0.05
Huizen,406,41275,36,8.72,46,30,2,0.067
Huizen,406,41275,36,8.72,47,3,0,0
Hulst,677,27525,18,6.54,43,1,0,0
Hulst,677,27525,18,6.54,44,9,1,0.111
Hulst,677,27525,18,6.54,45,9,2,0.222
Hulst,677,27525,18,6.54,46,13,1,0.077
Hulst,677,27525,18,6.54,47,1,0,0
IJsselstein,353,34160,35,10.25,43,5,1,0.2
IJsselstein,353,34160,35,10.25,44,17,2,0.118
IJsselstein,353,34160,35,10.25,45,21,2,0.095
IJsselstein,353,34160,35,10.25,46,27,4,0.148
IJsselstein,353,34160,35,10.25,47,5,0,0
Kaag en Braassem,1884,26865,17,6.33,43,4,0,0
Kaag en Braassem,1884,26865,17,6.33,44,6,1,0.167
Kaag en Braassem,1884,26865,17,6.33,45,8,1,0.125
Kaag en Braassem,1884,26865,17,6.33,46,12,1,0.083
Kaag en Braassem,1884,26865,17,6.33,47,1,0,0
Kampen,166,53780,50,9.3,42,1,0,0
Kampen,166,53780,50,9.3,43,7,2,0.286
Kampen,166,53780,50,9.3,44,18,3,0.167
Kampen,166,53780,50,9.3,45,28,3,0.107
Kampen,166,53780,50,9.3,46,25,2,0.08
Kampen,166,53780,50,9.3,47,2,0,0
Kapelle,678,12790,9,7.04,44,4,0,0
Kapelle,678,12790,9,7.04,45,4,0,0
Kapelle,678,12790,9,7.04,46,3,0,0
Kapelle,678,12790,9,7.04,47,1,0,0
Katwijk,537,65305,46,7.04,43,9,1,0.111
Katwijk,537,65305,46,7.04,44,23,2,0.087
Katwijk,537,65305,46,7.04,45,29,2,0.069
Katwijk,537,65305,46,7.04,46,33,0,0
Katwijk,537,65305,46,7.04,47,2,0,0
Kerkrade,928,45640,21,4.6,43,4,0,0
Kerkrade,928,45640,21,4.6,44,12,1,0.083
Kerkrade,928,45640,21,4.6,45,14,0,0
Kerkrade,928,45640,21,4.6,46,17,3,0.176
Koggenland,1598,22745,13,5.72,43,2,1,0.5
Koggenland,1598,22745,13,5.72,44,8,0,0
Koggenland,1598,22745,13,5.72,45,7,2,0.286
Koggenland,1598,22745,13,5.72,46,9,1,0.111
Koggenland,1598,22745,13,5.72,47,1,0,0
Krimpen aan den IJssel,542,29375,20,6.81,42,1,0,0
Krimpen aan den IJssel,542,29375,20,6.81,43,1,0,0
Krimpen aan den IJssel,542,29375,20,6.81,44,10,1,0.1
Krimpen aan den IJssel,542,29375,20,6.81,45,15,2,0.133
Krimpen aan den IJssel,542,29375,20,6.81,46,14,0,0
Krimpen aan den IJssel,542,29375,20,6.81,47,1,0,0
Krimpenerwaard,1931,56050,42,7.49,43,4,1,0.25
Krimpenerwaard,1931,56050,42,7.49,44,13,1,0.077
Krimpenerwaard,1931,56050,42,7.49,45,19,0,0
Krimpenerwaard,1931,56050,42,7.49,46,30,0,0
Krimpenerwaard,1931,56050,42,7.49,47,2,0,0
Laarbeek,1659,22335,24,10.75,42,1,0,0
Laarbeek,1659,22335,24,10.75,43,2,0,0
Laarbeek,1659,22335,24,10.75,44,13,1,0.077
Laarbeek,1659,22335,24,10.75,45,14,2,0.143
Laarbeek,1659,22335,24,10.75,46,16,1,0.062
Landerd,1685,15525,16,10.31,43,2,0,0
Landerd,1685,15525,16,10.31,44,6,1,0.167
Landerd,1685,15525,16,10.31,45,12,1,0.083
Landerd,1685,15525,16,10.31,46,10,1,0.1
Landerd,1685,15525,16,10.31,47,1,0,0
Landgraaf,882,37595,47,12.5,43,6,0,0
Landgraaf,882,37595,47,12.5,44,20,1,0.05
Landgraaf,882,37595,47,12.5,45,32,3,0.094
Landgraaf,882,37595,47,12.5,46,30,2,0.067
Landgraaf,882,37595,47,12.5,47,1,0,0
Landsmeer,415,11485,8,6.97,44,2,0,0
Landsmeer,415,11485,8,6.97,45,4,0,0
Landsmeer,415,11485,8,6.97,46,6,0,0
Landsmeer,415,11485,8,6.97,47,2,0,0
Langedijk,416,27990,22,7.86,43,7,1,0.143
Langedijk,416,27990,22,7.86,44,7,0,0
Langedijk,416,27990,22,7.86,45,10,0,0
Langedijk,416,27990,22,7.86,46,16,1,0.062
Langedijk,416,27990,22,7.86,47,1,0,0
Lansingerland,1621,61600,66,10.71,41,1,1,1
Lansingerland,1621,61600,66,10.71,42,1,0,0
Lansingerland,1621,61600,66,10.71,43,10,1,0.1
Lansingerland,1621,61600,66,10.71,44,32,3,0.094
Lansingerland,1621,61600,66,10.71,45,38,1,0.026
Lansingerland,1621,61600,66,10.71,46,43,2,0.047
Lansingerland,1621,61600,66,10.71,47,5,0,0
Laren,417,11195,11,9.83,43,1,0,0
Laren,417,11195,11,9.83,44,4,0,0
Laren,417,11195,11,9.83,45,4,1,0.25
Laren,417,11195,11,9.83,46,8,1,0.125
Leeuwarden,80,123105,98,7.96,43,13,1,0.077
Leeuwarden,80,123105,98,7.96,44,37,4,0.108
Leeuwarden,80,123105,98,7.96,45,45,2,0.044
Leeuwarden,80,123105,98,7.96,46,63,5,0.079
Leeuwarden,80,123105,98,7.96,47,5,1,0.2
Leiden,546,124895,136,10.89,42,1,1,1
Leiden,546,124895,136,10.89,43,22,0,0
Leiden,546,124895,136,10.89,44,54,4,0.074
Leiden,546,124895,136,10.89,45,82,5,0.061
Leiden,546,124895,136,10.89,46,88,9,0.102
Leiden,546,124895,136,10.89,47,7,0,0
Leiderdorp,547,27110,31,11.43,42,1,0,0
Leiderdorp,547,27110,31,11.43,43,3,0,0
Leiderdorp,547,27110,31,11.43,44,12,3,0.25
Leiderdorp,547,27110,31,11.43,45,16,2,0.125
Leiderdorp,547,27110,31,11.43,46,19,2,0.105
Leidschendam-Voorburg,1916,75425,97,12.86,42,1,0,0
Leidschendam-Voorburg,1916,75425,97,12.86,43,12,3,0.25
Leidschendam-Voorburg,1916,75425,97,12.86,44,35,2,0.057
Leidschendam-Voorburg,1916,75425,97,12.86,45,57,3,0.053
Leidschendam-Voorburg,1916,75425,97,12.86,46,69,3,0.043
Leidschendam-Voorburg,1916,75425,97,12.86,47,6,0,0
Lelystad,995,77890,56,7.19,42,1,0,0
Lelystad,995,77890,56,7.19,43,13,1,0.077
Lelystad,995,77890,56,7.19,44,24,1,0.042
Lelystad,995,77890,56,7.19,45,29,1,0.034
Lelystad,995,77890,56,7.19,46,43,1,0.023
Lelystad,995,77890,56,7.19,47,1,0,0
Leudal,1640,35680,22,6.17,43,6,1,0.167
Leudal,1640,35680,22,6.17,44,7,1,0.143
Leudal,1640,35680,22,6.17,45,12,1,0.083
Leudal,1640,35680,22,6.17,46,15,0,0
Leusden,327,30035,39,12.98,43,4,0,0
Leusden,327,30035,39,12.98,44,16,0,0
Leusden,327,30035,39,12.98,45,25,0,0
Leusden,327,30035,39,12.98,46,24,1,0.042
Lingewaard,1705,46470,35,7.53,43,4,0,0
Lingewaard,1705,46470,35,7.53,44,11,1,0.091
Lingewaard,1705,46470,35,7.53,45,19,1,0.053
Lingewaard,1705,46470,35,7.53,46,21,1,0.048
Lingewaard,1705,46470,35,7.53,47,3,0,0
Lisse,553,22800,14,6.14,42,1,1,1
Lisse,553,22800,14,6.14,43,3,0,0
Lisse,553,22800,14,6.14,44,7,0,0
Lisse,553,22800,14,6.14,45,9,0,0
Lisse,553,22800,14,6.14,46,13,0,0
Lochem,262,33590,22,6.55,43,6,0,0
Lochem,262,33590,22,6.55,44,10,1,0.1
Lochem,262,33590,22,6.55,45,14,0,0
Lochem,262,33590,22,6.55,46,18,0,0
Lochem,262,33590,22,6.55,47,2,0,0
Loon op Zand,809,23330,21,9,43,5,1,0.2
Loon op Zand,809,23330,21,9,44,8,1,0.125
Loon op Zand,809,23330,21,9,45,9,1,0.111
Loon op Zand,809,23330,21,9,46,14,2,0.143
Loon op Zand,809,23330,21,9,47,1,0,0
Lopik,331,14475,11,7.6,43,2,0,0
Lopik,331,14475,11,7.6,44,5,0,0
Lopik,331,14475,11,7.6,45,6,0,0
Lopik,331,14475,11,7.6,46,7,1,0.143
Lopik,331,14475,11,7.6,47,1,0,0
Loppersum,24,9610,9,9.37,42,1,1,1
Loppersum,24,9610,9,9.37,43,1,0,0
Loppersum,24,9610,9,9.37,44,4,0,0
Loppersum,24,9610,9,9.37,45,4,2,0.5
Loppersum,24,9610,9,9.37,46,7,1,0.143
Losser,168,22620,11,4.86,43,3,1,0.333
Losser,168,22620,11,4.86,44,4,0,0
Losser,168,22620,11,4.86,45,7,1,0.143
Losser,168,22620,11,4.86,46,9,1,0.111
Maasdriel,263,24690,20,8.1,43,2,1,0.5
Maasdriel,263,24690,20,8.1,44,9,1,0.111
Maasdriel,263,24690,20,8.1,45,15,1,0.067
Maasdriel,263,24690,20,8.1,46,19,1,0.053
Maasdriel,263,24690,20,8.1,47,1,0,0
Maasgouw,1641,23685,16,6.76,43,2,0,0
Maasgouw,1641,23685,16,6.76,44,6,0,0
Maasgouw,1641,23685,16,6.76,45,7,2,0.286
Maasgouw,1641,23685,16,6.76,46,12,1,0.083
Maassluis,556,32765,20,6.1,43,3,1,0.333
Maassluis,556,32765,20,6.1,44,13,2,0.154
Maassluis,556,32765,20,6.1,45,13,0,0
Maassluis,556,32765,20,6.1,46,14,0,0
Maassluis,556,32765,20,6.1,47,2,0,0
Maastricht,935,121560,118,9.71,43,20,1,0.05
Maastricht,935,121560,118,9.71,44,44,2,0.045
Maastricht,935,121560,118,9.71,45,72,2,0.028
Maastricht,935,121560,118,9.71,46,78,4,0.051
Maastricht,935,121560,118,9.71,47,8,0,0
Medemblik,420,44725,28,6.26,43,4,1,0.25
Medemblik,420,44725,28,6.26,44,14,1,0.071
Medemblik,420,44725,28,6.26,45,15,1,0.067
Medemblik,420,44725,28,6.26,46,20,0,0
Meerssen,938,18925,18,9.51,43,5,1,0.2
Meerssen,938,18925,18,9.51,44,6,0,0
Meerssen,938,18925,18,9.51,45,8,0,0
Meerssen,938,18925,18,9.51,46,12,0,0
Meierijstad,1948,80810,85,10.52,43,21,2,0.095
Meierijstad,1948,80810,85,10.52,44,35,5,0.143
Meierijstad,1948,80810,85,10.52,45,54,3,0.056
Meierijstad,1948,80810,85,10.52,46,60,4,0.067
Meierijstad,1948,80810,85,10.52,47,2,0,0
Meppel,119,33565,32,9.53,42,1,0,0
Meppel,119,33565,32,9.53,43,8,0,0
Meppel,119,33565,32,9.53,44,8,1,0.125
Meppel,119,33565,32,9.53,45,19,1,0.053
Meppel,119,33565,32,9.53,46,24,2,0.083
Meppel,119,33565,32,9.53,47,2,0,0
Middelburg,687,48545,41,8.45,43,3,0,0
Middelburg,687,48545,41,8.45,44,14,1,0.071
Middelburg,687,48545,41,8.45,45,21,0,0
Middelburg,687,48545,41,8.45,46,20,0,0
Middelburg,687,48545,41,8.45,47,2,0,0
Midden-Delfland,1842,19390,25,12.89,43,3,0,0
Midden-Delfland,1842,19390,25,12.89,44,10,0,0
Midden-Delfland,1842,19390,25,12.89,45,14,0,0
Midden-Delfland,1842,19390,25,12.89,46,18,0,0
Midden-Delfland,1842,19390,25,12.89,47,2,0,0
Midden-Drenthe,1731,33170,21,6.33,43,1,0,0
Midden-Drenthe,1731,33170,21,6.33,44,5,0,0
Midden-Drenthe,1731,33170,21,6.33,45,12,0,0
Midden-Drenthe,1731,33170,21,6.33,46,18,0,0
Midden-Groningen,1952,60900,34,5.58,43,6,1,0.167
Midden-Groningen,1952,60900,34,5.58,44,10,1,0.1
Midden-Groningen,1952,60900,34,5.58,45,23,2,0.087
Midden-Groningen,1952,60900,34,5.58,46,29,3,0.103
Midden-Groningen,1952,60900,34,5.58,47,5,1,0.2
Mill en Sint Hubert,815,10895,12,11.01,44,6,2,0.333
Mill en Sint Hubert,815,10895,12,11.01,45,7,2,0.286
Mill en Sint Hubert,815,10895,12,11.01,46,6,1,0.167
Mill en Sint Hubert,815,10895,12,11.01,47,2,0,0
Moerdijk,1709,36955,29,7.85,42,1,1,1
Moerdijk,1709,36955,29,7.85,43,4,1,0.25
Moerdijk,1709,36955,29,7.85,44,14,2,0.143
Moerdijk,1709,36955,29,7.85,45,20,2,0.1
Moerdijk,1709,36955,29,7.85,46,20,1,0.05
Moerdijk,1709,36955,29,7.85,47,4,1,0.25
Molenlanden,1978,43850,37,8.44,43,3,0,0
Molenlanden,1978,43850,37,8.44,44,10,0,0
Molenlanden,1978,43850,37,8.44,45,20,2,0.1
Molenlanden,1978,43850,37,8.44,46,20,2,0.1
Molenlanden,1978,43850,37,8.44,47,2,0,0
Montferland,1955,36025,18,5,42,1,0,0
Montferland,1955,36025,18,5,43,4,1,0.25
Montferland,1955,36025,18,5,44,5,1,0.2
Montferland,1955,36025,18,5,45,11,2,0.182
Montferland,1955,36025,18,5,46,8,0,0
Montfoort,335,13990,16,11.44,43,2,0,0
Montfoort,335,13990,16,11.44,44,4,1,0.25
Montfoort,335,13990,16,11.44,45,6,0,0
Montfoort,335,13990,16,11.44,46,8,1,0.125
Montfoort,335,13990,16,11.44,47,1,0,0
Mook en Middelaar,944,7805,5,6.41,44,1,1,1
Mook en Middelaar,944,7805,5,6.41,45,4,2,0.5
Mook en Middelaar,944,7805,5,6.41,46,3,0,0
Neder-Betuwe,1740,24045,29,12.06,43,5,1,0.2
Neder-Betuwe,1740,24045,29,12.06,44,11,1,0.091
Neder-Betuwe,1740,24045,29,12.06,45,18,1,0.056
Neder-Betuwe,1740,24045,29,12.06,46,18,4,0.222
Neder-Betuwe,1740,24045,29,12.06,47,4,0,0
Nederweert,946,17000,11,6.47,43,1,0,0
Nederweert,946,17000,11,6.47,44,2,0,0
Nederweert,946,17000,11,6.47,45,5,0,0
Nederweert,946,17000,11,6.47,46,8,1,0.125
Nieuwegein,356,63040,64,10.15,43,10,1,0.1
Nieuwegein,356,63040,64,10.15,44,24,4,0.167
Nieuwegein,356,63040,64,10.15,45,38,2,0.053
Nieuwegein,356,63040,64,10.15,46,39,1,0.026
Nieuwegein,356,63040,64,10.15,47,2,0,0
Nieuwkoop,569,28590,19,6.65,43,1,0,0
Nieuwkoop,569,28590,19,6.65,44,3,1,0.333
Nieuwkoop,569,28590,19,6.65,45,11,1,0.091
Nieuwkoop,569,28590,19,6.65,46,12,0,0
Nieuwkoop,569,28590,19,6.65,47,1,0,0
Nijkerk,267,42945,22,5.12,43,3,0,0
Nijkerk,267,42945,22,5.12,44,6,0,0
Nijkerk,267,42945,22,5.12,45,8,1,0.125
Nijkerk,267,42945,22,5.12,46,14,2,0.143
Nijmegen,268,176730,171,9.68,42,5,0,0
Nijmegen,268,176730,171,9.68,43,26,1,0.038
Nijmegen,268,176730,171,9.68,44,77,3,0.039
Nijmegen,268,176730,171,9.68,45,100,5,0.05
Nijmegen,268,176730,171,9.68,46,113,4,0.035
Nijmegen,268,176730,171,9.68,47,8,0,0
Nissewaard,1930,84800,88,10.38,43,14,0,0
Nissewaard,1930,84800,88,10.38,44,35,2,0.057
Nissewaard,1930,84800,88,10.38,45,51,2,0.039
Nissewaard,1930,84800,88,10.38,46,62,6,0.097
Nissewaard,1930,84800,88,10.38,47,6,0,0
Noardeast-Fryslân,1970,45175,21,4.65,43,2,0,0
Noardeast-Fryslân,1970,45175,21,4.65,44,11,0,0
Noardeast-Fryslân,1970,45175,21,4.65,45,13,1,0.077
Noardeast-Fryslân,1970,45175,21,4.65,46,18,1,0.056
Noord-Beveland,1695,7305,6,8.21,43,1,0,0
Noord-Beveland,1695,7305,6,8.21,44,3,0,0
Noord-Beveland,1695,7305,6,8.21,45,4,0,0
Noord-Beveland,1695,7305,6,8.21,46,5,0,0
Noord-Beveland,1695,7305,6,8.21,47,1,0,0
Noordenveld,1699,31270,49,15.67,43,5,0,0
Noordenveld,1699,31270,49,15.67,44,15,0,0
Noordenveld,1699,31270,49,15.67,45,23,1,0.043
Noordenveld,1699,31270,49,15.67,46,32,0,0
Noordenveld,1699,31270,49,15.67,47,3,0,0
Noordoostpolder,171,46845,38,8.11,43,8,0,0
Noordoostpolder,171,46845,38,8.11,44,13,1,0.077
Noordoostpolder,171,46845,38,8.11,45,21,2,0.095
Noordoostpolder,171,46845,38,8.11,46,25,1,0.04
Noordoostpolder,171,46845,38,8.11,47,3,0,0
Noordwijk,575,42855,48,11.2,43,11,0,0
Noordwijk,575,42855,48,11.2,44,19,0,0
Noordwijk,575,42855,48,11.2,45,27,2,0.074
Noordwijk,575,42855,48,11.2,46,35,2,0.057
Noordwijk,575,42855,48,11.2,47,2,0,0
"Nuenen, Gerwen en Nederwetten",820,23185,32,13.8,42,1,0,0
"Nuenen, Gerwen en Nederwetten",820,23185,32,13.8,43,3,0,0
"Nuenen, Gerwen en Nederwetten",820,23185,32,13.8,44,16,1,0.062
"Nuenen, Gerwen en Nederwetten",820,23185,32,13.8,45,21,3,0.143
"Nuenen, Gerwen en Nederwetten",820,23185,32,13.8,46,27,2,0.074
"Nuenen, Gerwen en Nederwetten",820,23185,32,13.8,47,2,0,0
Nunspeet,302,27480,28,10.19,42,2,0,0
Nunspeet,302,27480,28,10.19,44,10,0,0
Nunspeet,302,27480,28,10.19,45,24,2,0.083
Nunspeet,302,27480,28,10.19,46,24,0,0
Nunspeet,302,27480,28,10.19,47,4,0,0
Oegstgeest,579,24420,26,10.65,42,1,0,0
Oegstgeest,579,24420,26,10.65,43,1,1,1
Oegstgeest,579,24420,26,10.65,44,11,0,0
Oegstgeest,579,24420,26,10.65,45,20,2,0.1
Oegstgeest,579,24420,26,10.65,46,18,1,0.056
Oegstgeest,579,24420,26,10.65,47,2,1,0.5
Oirschot,823,18620,36,19.33,43,6,2,0.333
Oirschot,823,18620,36,19.33,44,19,2,0.105
Oirschot,823,18620,36,19.33,45,22,1,0.045
Oirschot,823,18620,36,19.33,46,27,2,0.074
Oirschot,823,18620,36,19.33,47,1,0,0
Oisterwijk,824,26140,26,9.95,42,1,0,0
Oisterwijk,824,26140,26,9.95,43,2,1,0.5
Oisterwijk,824,26140,26,9.95,44,11,0,0
Oisterwijk,824,26140,26,9.95,45,17,2,0.118
Oisterwijk,824,26140,26,9.95,46,23,2,0.087
Oisterwijk,824,26140,26,9.95,47,3,0,0
Oldambt,1895,38140,31,8.13,44,13,0,0
Oldambt,1895,38140,31,8.13,45,17,2,0.118
Oldambt,1895,38140,31,8.13,46,19,2,0.105
Oldebroek,269,23600,12,5.08,43,5,0,0
Oldebroek,269,23600,12,5.08,44,3,0,0
Oldebroek,269,23600,12,5.08,45,7,1,0.143
Oldebroek,269,23600,12,5.08,46,9,1,0.111
Oldebroek,269,23600,12,5.08,47,1,0,0
Oldenzaal,173,31845,27,8.48,43,3,0,0
Oldenzaal,173,31845,27,8.48,44,11,1,0.091
Oldenzaal,173,31845,27,8.48,45,13,2,0.154
Oldenzaal,173,31845,27,8.48,46,21,1,0.048
Oldenzaal,173,31845,27,8.48,47,1,0,0
Olst-Wijhe,1773,18070,14,7.75,43,3,0,0
Olst-Wijhe,1773,18070,14,7.75,44,6,0,0
Olst-Wijhe,1773,18070,14,7.75,45,10,0,0
Olst-Wijhe,1773,18070,14,7.75,46,11,1,0.091
Ommen,175,17815,16,8.98,43,1,0,0
Ommen,175,17815,16,8.98,44,6,0,0
Ommen,175,17815,16,8.98,45,6,1,0.167
Ommen,175,17815,16,8.98,46,9,1,0.111
Ommen,175,17815,16,8.98,47,1,0,0
Oost Gelre,1586,29710,22,7.4,43,3,0,0
Oost Gelre,1586,29710,22,7.4,44,6,0,0
Oost Gelre,1586,29710,22,7.4,45,9,1,0.111
Oost Gelre,1586,29710,22,7.4,46,13,1,0.077
Oosterhout,826,55620,62,11.15,43,9,2,0.222
Oosterhout,826,55620,62,11.15,44,21,1,0.048
Oosterhout,826,55620,62,11.15,45,37,3,0.081
Oosterhout,826,55620,62,11.15,46,43,4,0.093
Oosterhout,826,55620,62,11.15,47,2,0,0
Ooststellingwerf,85,25505,10,3.92,43,1,0,0
Ooststellingwerf,85,25505,10,3.92,44,3,0,0
Ooststellingwerf,85,25505,10,3.92,45,7,0,0
Ooststellingwerf,85,25505,10,3.92,46,7,1,0.143
Oostzaan,431,9755,5,5.13,44,1,0,0
Oostzaan,431,9755,5,5.13,45,4,0,0
Oostzaan,431,9755,5,5.13,46,4,1,0.25
Oostzaan,431,9755,5,5.13,47,1,0,0
Opmeer,432,11775,8,6.79,43,1,0,0
Opmeer,432,11775,8,6.79,44,4,0,0
Opmeer,432,11775,8,6.79,45,3,0,0
Opmeer,432,11775,8,6.79,46,6,1,0.167
Opmeer,432,11775,8,6.79,47,1,0,0
Opsterland,86,29720,38,12.79,42,1,0,0
Opsterland,86,29720,38,12.79,43,3,0,0
Opsterland,86,29720,38,12.79,44,14,0,0
Opsterland,86,29720,38,12.79,45,26,2,0.077
Opsterland,86,29720,38,12.79,46,27,2,0.074
Opsterland,86,29720,38,12.79,47,2,0,0
Oss,828,91450,69,7.55,43,7,0,0
Oss,828,91450,69,7.55,44,31,7,0.226
Oss,828,91450,69,7.55,45,39,2,0.051
Oss,828,91450,69,7.55,46,52,2,0.038
Oss,828,91450,69,7.55,47,4,1,0.25
Oude IJsselstreek,1509,39475,26,6.59,43,6,0,0
Oude IJsselstreek,1509,39475,26,6.59,44,13,1,0.077
Oude IJsselstreek,1509,39475,26,6.59,45,16,1,0.062
Oude IJsselstreek,1509,39475,26,6.59,46,17,1,0.059
Oude IJsselstreek,1509,39475,26,6.59,47,2,0,0
Ouder-Amstel,437,13910,13,9.35,43,5,0,0
Ouder-Amstel,437,13910,13,9.35,44,4,0,0
Ouder-Amstel,437,13910,13,9.35,45,8,0,0
Ouder-Amstel,437,13910,13,9.35,46,9,0,0
Ouder-Amstel,437,13910,13,9.35,47,1,0,0
Oudewater,589,10200,5,4.9,44,3,0,0
Oudewater,589,10200,5,4.9,45,4,1,0.25
Oudewater,589,10200,5,4.9,46,3,0,0
Oudewater,589,10200,5,4.9,47,1,0,0
Overbetuwe,1734,47540,57,11.99,43,12,0,0
Overbetuwe,1734,47540,57,11.99,44,24,1,0.042
Overbetuwe,1734,47540,57,11.99,45,40,2,0.05
Overbetuwe,1734,47540,57,11.99,46,41,5,0.122
Overbetuwe,1734,47540,57,11.99,47,3,0,0
Papendrecht,590,32290,38,11.77,43,4,0,0
Papendrecht,590,32290,38,11.77,44,14,0,0
Papendrecht,590,32290,38,11.77,45,22,1,0.045
Papendrecht,590,32290,38,11.77,46,24,2,0.083
Papendrecht,590,32290,38,11.77,47,2,0,0
Peel en Maas,1894,43305,31,7.16,43,5,1,0.2
Peel en Maas,1894,43305,31,7.16,44,10,0,0
Peel en Maas,1894,43305,31,7.16,45,20,0,0
Peel en Maas,1894,43305,31,7.16,46,20,0,0
Peel en Maas,1894,43305,31,7.16,47,3,0,0
Pekela,765,12210,5,4.1,43,1,0,0
Pekela,765,12210,5,4.1,44,2,0,0
Pekela,765,12210,5,4.1,45,4,0,0
Pekela,765,12210,5,4.1,46,3,1,0.333
Pijnacker-Nootdorp,1926,54335,55,10.12,43,10,0,0
Pijnacker-Nootdorp,1926,54335,55,10.12,44,30,2,0.067
Pijnacker-Nootdorp,1926,54335,55,10.12,45,38,4,0.105
Pijnacker-Nootdorp,1926,54335,55,10.12,46,40,2,0.05
Pijnacker-Nootdorp,1926,54335,55,10.12,47,4,0,0
Purmerend,439,80125,71,8.86,42,1,0,0
Purmerend,439,80125,71,8.86,43,8,1,0.125
Purmerend,439,80125,71,8.86,44,21,3,0.143
Purmerend,439,80125,71,8.86,45,39,4,0.103
Purmerend,439,80125,71,8.86,46,57,3,0.053
Purmerend,439,80125,71,8.86,47,3,0,0
Putten,273,24195,21,8.68,43,5,1,0.2
Putten,273,24195,21,8.68,44,5,2,0.4
Putten,273,24195,21,8.68,45,15,1,0.067
Putten,273,24195,21,8.68,46,13,1,0.077
Putten,273,24195,21,8.68,47,2,0,0
Raalte,177,37515,25,6.66,43,2,1,0.5
Raalte,177,37515,25,6.66,44,13,1,0.077
Raalte,177,37515,25,6.66,45,14,1,0.071
Raalte,177,37515,25,6.66,46,19,3,0.158
Raalte,177,37515,25,6.66,47,2,0,0
Reimerswaal,703,22675,24,10.58,43,3,0,0
Reimerswaal,703,22675,24,10.58,44,10,1,0.1
Reimerswaal,703,22675,24,10.58,45,15,2,0.133
Reimerswaal,703,22675,24,10.58,46,18,3,0.167
Reimerswaal,703,22675,24,10.58,47,3,0,0
Renkum,274,31300,25,7.99,43,4,1,0.25
Renkum,274,31300,25,7.99,44,6,1,0.167
Renkum,274,31300,25,7.99,45,13,1,0.077
Renkum,274,31300,25,7.99,46,12,2,0.167
Renswoude,339,5260,5,9.51,44,2,1,0.5
Renswoude,339,5260,5,9.51,45,1,0,0
Renswoude,339,5260,5,9.51,46,2,0,0
Reusel-De Mierden,1667,13060,12,9.19,43,3,1,0.333
Reusel-De Mierden,1667,13060,12,9.19,44,2,0,0
Reusel-De Mierden,1667,13060,12,9.19,45,7,0,0
Reusel-De Mierden,1667,13060,12,9.19,46,6,0,0
Reusel-De Mierden,1667,13060,12,9.19,47,2,0,0
Rheden,275,43640,34,7.79,43,7,1,0.143
Rheden,275,43640,34,7.79,44,15,2,0.133
Rheden,275,43640,34,7.79,45,19,0,0
Rheden,275,43640,34,7.79,46,25,3,0.12
Rheden,275,43640,34,7.79,47,4,0,0
Rhenen,340,20000,29,14.5,42,1,0,0
Rhenen,340,20000,29,14.5,43,7,0,0
Rhenen,340,20000,29,14.5,44,8,1,0.125
Rhenen,340,20000,29,14.5,45,17,1,0.059
Rhenen,340,20000,29,14.5,46,18,1,0.056
Rhenen,340,20000,29,14.5,47,3,0,0
Ridderkerk,597,46240,43,9.3,43,5,0,0
Ridderkerk,597,46240,43,9.3,44,12,4,0.333
Ridderkerk,597,46240,43,9.3,45,20,2,0.1
Ridderkerk,597,46240,43,9.3,46,34,5,0.147
Ridderkerk,597,46240,43,9.3,47,2,0,0
Rijssen-Holten,1742,38300,26,6.79,42,1,0,0
Rijssen-Holten,1742,38300,26,6.79,43,4,1,0.25
Rijssen-Holten,1742,38300,26,6.79,44,9,0,0
Rijssen-Holten,1742,38300,26,6.79,45,10,1,0.1
Rijssen-Holten,1742,38300,26,6.79,46,14,1,0.071
Rijssen-Holten,1742,38300,26,6.79,47,2,1,0.5
Rijswijk,603,53465,50,9.35,43,8,2,0.25
Rijswijk,603,53465,50,9.35,44,19,3,0.158
Rijswijk,603,53465,50,9.35,45,26,1,0.038
Rijswijk,603,53465,50,9.35,46,39,4,0.103
Rijswijk,603,53465,50,9.35,47,3,0,0
Roerdalen,1669,20615,28,13.58,43,3,1,0.333
Roerdalen,1669,20615,28,13.58,44,14,0,0
Roerdalen,1669,20615,28,13.58,45,18,2,0.111
Roerdalen,1669,20615,28,13.58,46,22,3,0.136
Roerdalen,1669,20615,28,13.58,47,1,0,0
Roermond,957,58210,44,7.56,43,5,0,0
Roermond,957,58210,44,7.56,44,9,0,0
Roermond,957,58210,44,7.56,45,23,1,0.043
Roermond,957,58210,44,7.56,46,24,1,0.042
Roermond,957,58210,44,7.56,47,4,1,0.25
Roosendaal,1674,77030,89,11.55,42,1,0,0
Roosendaal,1674,77030,89,11.55,43,12,0,0
Roosendaal,1674,77030,89,11.55,44,35,2,0.057
Roosendaal,1674,77030,89,11.55,45,47,3,0.064
Roosendaal,1674,77030,89,11.55,46,61,6,0.098
Roosendaal,1674,77030,89,11.55,47,4,0,0
Rotterdam,599,644460,390,6.05,42,3,1,0.333
Rotterdam,599,644460,390,6.05,43,70,4,0.057
Rotterdam,599,644460,390,6.05,44,147,17,0.116
Rotterdam,599,644460,390,6.05,45,214,14,0.065
Rotterdam,599,644460,390,6.05,46,257,14,0.054
Rotterdam,599,644460,390,6.05,47,17,1,0.059
Rozendaal,277,1645,2,12.16,46,1,0,0
Rucphen,840,22575,24,10.63,43,1,0,0
Rucphen,840,22575,24,10.63,44,6,1,0.167
Rucphen,840,22575,24,10.63,45,14,2,0.143
Rucphen,840,22575,24,10.63,46,14,2,0.143
Rucphen,840,22575,24,10.63,47,1,0,0
Schagen,441,46540,37,7.95,43,4,2,0.5
Schagen,441,46540,37,7.95,44,16,4,0.25
Schagen,441,46540,37,7.95,45,19,0,0
Schagen,441,46540,37,7.95,46,24,1,0.042
Scherpenzeel,279,9875,4,4.05,44,2,0,0
Scherpenzeel,279,9875,4,4.05,45,1,0,0
Scherpenzeel,279,9875,4,4.05,46,3,0,0
Schiedam,606,77995,68,8.72,43,11,3,0.273
Schiedam,606,77995,68,8.72,44,23,2,0.087
Schiedam,606,77995,68,8.72,45,46,8,0.174
Schiedam,606,77995,68,8.72,46,46,4,0.087
Schiedam,606,77995,68,8.72,47,3,0,0
Schiermonnikoog,88,935,1,10.7,45,1,1,1
Schiermonnikoog,88,935,1,10.7,46,1,1,1
Schouwen-Duiveland,1676,33780,32,9.47,42,1,0,0
Schouwen-Duiveland,1676,33780,32,9.47,43,5,0,0
Schouwen-Duiveland,1676,33780,32,9.47,44,12,0,0
Schouwen-Duiveland,1676,33780,32,9.47,45,16,1,0.062
Schouwen-Duiveland,1676,33780,32,9.47,46,21,3,0.143
Schouwen-Duiveland,1676,33780,32,9.47,47,2,0,0
Simpelveld,965,10515,8,7.61,44,3,0,0
Simpelveld,965,10515,8,7.61,45,3,1,0.333
Simpelveld,965,10515,8,7.61,46,4,1,0.25
Sint-Michielsgestel,845,29000,26,8.97,43,6,1,0.167
Sint-Michielsgestel,845,29000,26,8.97,44,15,2,0.133
Sint-Michielsgestel,845,29000,26,8.97,45,20,4,0.2
Sint-Michielsgestel,845,29000,26,8.97,46,21,0,0
Sint-Michielsgestel,845,29000,26,8.97,47,4,0,0
Sint Anthonis,1702,11600,9,7.76,43,3,1,0.333
Sint Anthonis,1702,11600,9,7.76,44,2,1,0.5
Sint Anthonis,1702,11600,9,7.76,45,6,0,0
Sint Anthonis,1702,11600,9,7.76,46,7,1,0.143
Sittard-Geleen,1883,92650,121,13.06,43,25,0,0
Sittard-Geleen,1883,92650,121,13.06,44,43,3,0.07
Sittard-Geleen,1883,92650,121,13.06,45,74,10,0.135
Sittard-Geleen,1883,92650,121,13.06,46,81,5,0.062
Sittard-Geleen,1883,92650,121,13.06,47,11,1,0.091
Sliedrecht,610,25020,21,8.39,43,2,0,0
Sliedrecht,610,25020,21,8.39,44,8,1,0.125
Sliedrecht,610,25020,21,8.39,45,14,1,0.071
Sliedrecht,610,25020,21,8.39,46,19,3,0.158
Sliedrecht,610,25020,21,8.39,47,4,1,0.25
Sluis,1714,23390,7,2.99,44,3,1,0.333
Sluis,1714,23390,7,2.99,45,4,1,0.25
Sluis,1714,23390,7,2.99,46,4,1,0.25
Sluis,1714,23390,7,2.99,47,1,0,0
Smallingerland,90,55935,35,6.26,42,1,0,0
Smallingerland,90,55935,35,6.26,43,5,0,0
Smallingerland,90,55935,35,6.26,44,10,2,0.2
Smallingerland,90,55935,35,6.26,45,16,1,0.062
Smallingerland,90,55935,35,6.26,46,21,2,0.095
Smallingerland,90,55935,35,6.26,47,2,0,0
Soest,342,46195,65,14.07,43,9,1,0.111
Soest,342,46195,65,14.07,44,24,3,0.125
Soest,342,46195,65,14.07,45,39,2,0.051
Soest,342,46195,65,14.07,46,42,0,0
Soest,342,46195,65,14.07,47,1,0,0
Someren,847,19325,17,8.8,43,2,0,0
Someren,847,19325,17,8.8,44,5,0,0
Someren,847,19325,17,8.8,45,7,0,0
Someren,847,19325,17,8.8,46,11,1,0.091
Someren,847,19325,17,8.8,47,2,0,0
Son en Breugel,848,16905,39,23.07,43,5,0,0
Son en Breugel,848,16905,39,23.07,44,15,0,0
Son en Breugel,848,16905,39,23.07,45,26,3,0.115
Son en Breugel,848,16905,39,23.07,46,28,1,0.036
Son en Breugel,848,16905,39,23.07,47,1,0,0
Stadskanaal,37,31790,17,5.35,43,1,1,1
Stadskanaal,37,31790,17,5.35,44,10,1,0.1
Stadskanaal,37,31790,17,5.35,45,10,1,0.1
Stadskanaal,37,31790,17,5.35,46,12,1,0.083
Stadskanaal,37,31790,17,5.35,47,2,0,0
Staphorst,180,16905,7,4.14,44,4,0,0
Staphorst,180,16905,7,4.14,45,4,0,0
Staphorst,180,16905,7,4.14,46,4,0,0
Stede Broec,532,21705,14,6.45,43,2,0,0
Stede Broec,532,21705,14,6.45,44,5,0,0
Stede Broec,532,21705,14,6.45,45,8,0,0
Stede Broec,532,21705,14,6.45,46,11,0,0
Stede Broec,532,21705,14,6.45,47,1,0,0
Steenbergen,851,25020,15,6,43,1,0,0
Steenbergen,851,25020,15,6,44,7,0,0
Steenbergen,851,25020,15,6,45,9,0,0
Steenbergen,851,25020,15,6,46,10,1,0.1
Steenwijkerland,1708,43930,40,9.11,43,6,1,0.167
Steenwijkerland,1708,43930,40,9.11,44,16,1,0.062
Steenwijkerland,1708,43930,40,9.11,45,23,1,0.043
Steenwijkerland,1708,43930,40,9.11,46,29,2,0.069
Stein,971,24960,31,12.42,43,1,0,0
Stein,971,24960,31,12.42,44,11,2,0.182
Stein,971,24960,31,12.42,45,16,0,0
Stein,971,24960,31,12.42,46,22,1,0.045
Stein,971,24960,31,12.42,47,2,0,0
Stichtse Vecht,1904,64330,77,11.97,42,2,0,0
Stichtse Vecht,1904,64330,77,11.97,43,15,2,0.133
Stichtse Vecht,1904,64330,77,11.97,44,26,2,0.077
Stichtse Vecht,1904,64330,77,11.97,45,44,3,0.068
Stichtse Vecht,1904,64330,77,11.97,46,58,3,0.052
Stichtse Vecht,1904,64330,77,11.97,47,1,0,0
Súdwest-Fryslân,1900,89715,60,6.69,42,2,0,0
Súdwest-Fryslân,1900,89715,60,6.69,43,11,0,0
Súdwest-Fryslân,1900,89715,60,6.69,44,16,0,0
Súdwest-Fryslân,1900,89715,60,6.69,45,36,3,0.083
Súdwest-Fryslân,1900,89715,60,6.69,46,39,2,0.051
Súdwest-Fryslân,1900,89715,60,6.69,47,2,0,0
Terneuzen,715,54585,33,6.05,43,4,1,0.25
Terneuzen,715,54585,33,6.05,44,15,2,0.133
Terneuzen,715,54585,33,6.05,45,19,3,0.158
Terneuzen,715,54585,33,6.05,46,22,2,0.091
Terneuzen,715,54585,33,6.05,47,2,0,0
Terschelling,93,4885,3,6.14,44,1,0,0
Terschelling,93,4885,3,6.14,45,2,0,0
Terschelling,93,4885,3,6.14,46,1,0,0
Texel,448,13550,12,8.86,43,2,0,0
Texel,448,13550,12,8.86,44,4,1,0.25
Texel,448,13550,12,8.86,45,6,0,0
Texel,448,13550,12,8.86,46,7,2,0.286
Teylingen,1525,37060,38,10.25,43,5,0,0
Teylingen,1525,37060,38,10.25,44,16,1,0.062
Teylingen,1525,37060,38,10.25,45,20,1,0.05
Teylingen,1525,37060,38,10.25,46,26,1,0.038
Teylingen,1525,37060,38,10.25,47,1,0,0
Tholen,716,25780,29,11.25,43,4,1,0.25
Tholen,716,25780,29,11.25,44,16,2,0.125
Tholen,716,25780,29,11.25,45,16,0,0
Tholen,716,25780,29,11.25,46,22,2,0.091
Tholen,716,25780,29,11.25,47,2,0,0
Tiel,281,41975,34,8.1,43,3,0,0
Tiel,281,41975,34,8.1,44,20,4,0.2
Tiel,281,41975,34,8.1,45,14,1,0.071
Tiel,281,41975,34,8.1,46,23,1,0.043
Tiel,281,41975,34,8.1,47,1,0,0
Tilburg,855,217265,213,9.8,43,26,4,0.154
Tilburg,855,217265,213,9.8,44,85,4,0.047
Tilburg,855,217265,213,9.8,45,115,8,0.07
Tilburg,855,217265,213,9.8,46,148,15,0.101
Tilburg,855,217265,213,9.8,47,14,2,0.143
Tubbergen,183,21280,12,5.64,42,1,0,0
Tubbergen,183,21280,12,5.64,43,2,0,0
Tubbergen,183,21280,12,5.64,44,6,1,0.167
Tubbergen,183,21280,12,5.64,45,7,0,0
Tubbergen,183,21280,12,5.64,46,9,1,0.111
Twenterand,1700,33730,13,3.85,43,1,0,0
Twenterand,1700,33730,13,3.85,44,7,0,0
Twenterand,1700,33730,13,3.85,45,9,0,0
Twenterand,1700,33730,13,3.85,46,11,0,0
Twenterand,1700,33730,13,3.85,47,2,2,1
Tynaarlo,1730,33690,35,10.39,43,3,0,0
Tynaarlo,1730,33690,35,10.39,44,13,1,0.077
Tynaarlo,1730,33690,35,10.39,45,15,2,0.133
Tynaarlo,1730,33690,35,10.39,46,21,1,0.048
Tynaarlo,1730,33690,35,10.39,47,1,0,0
Tytsjerksteradiel,737,31775,21,6.61,43,2,1,0.5
Tytsjerksteradiel,737,31775,21,6.61,44,10,2,0.2
Tytsjerksteradiel,737,31775,21,6.61,45,10,1,0.1
Tytsjerksteradiel,737,31775,21,6.61,46,13,1,0.077
Tytsjerksteradiel,737,31775,21,6.61,47,1,1,1
Uden,856,41785,41,9.81,43,4,0,0
Uden,856,41785,41,9.81,44,8,1,0.125
Uden,856,41785,41,9.81,45,28,0,0
Uden,856,41785,41,9.81,46,35,1,0.029
Uden,856,41785,41,9.81,47,3,0,0
Uitgeest,450,13525,11,8.13,44,2,0,0
Uitgeest,450,13525,11,8.13,45,4,1,0.25
Uitgeest,450,13525,11,8.13,46,9,1,0.111
Uithoorn,451,29425,19,6.46,43,1,0,0
Uithoorn,451,29425,19,6.46,44,4,1,0.25
Uithoorn,451,29425,19,6.46,45,11,0,0
Uithoorn,451,29425,19,6.46,46,12,0,0
Uithoorn,451,29425,19,6.46,47,2,0,0
Urk,184,20780,9,4.33,43,1,0,0
Urk,184,20780,9,4.33,44,4,0,0
Urk,184,20780,9,4.33,45,6,0,0
Urk,184,20780,9,4.33,46,4,0,0
Urk,184,20780,9,4.33,47,2,0,0
Utrecht,344,352540,483,13.7,42,2,0,0
Utrecht,344,352540,483,13.7,43,71,8,0.113
Utrecht,344,352540,483,13.7,44,192,19,0.099
Utrecht,344,352540,483,13.7,45,258,11,0.043
Utrecht,344,352540,483,13.7,46,287,15,0.052
Utrecht,344,352540,483,13.7,47,23,1,0.043
Utrechtse Heuvelrug,1581,49520,55,11.11,43,6,1,0.167
Utrechtse Heuvelrug,1581,49520,55,11.11,44,25,2,0.08
Utrechtse Heuvelrug,1581,49520,55,11.11,45,33,1,0.03
Utrechtse Heuvelrug,1581,49520,55,11.11,46,41,2,0.049
Utrechtse Heuvelrug,1581,49520,55,11.11,47,3,0,0
Vaals,981,10090,7,6.94,43,1,0,0
Vaals,981,10090,7,6.94,44,3,0,0
Vaals,981,10090,7,6.94,45,4,0,0
Vaals,981,10090,7,6.94,46,4,1,0.25
Vaals,981,10090,7,6.94,47,1,0,0
Valkenburg aan de Geul,994,16470,15,9.11,43,1,0,0
Valkenburg aan de Geul,994,16470,15,9.11,44,6,1,0.167
Valkenburg aan de Geul,994,16470,15,9.11,45,7,2,0.286
Valkenburg aan de Geul,994,16470,15,9.11,46,7,1,0.143
Valkenswaard,858,30910,33,10.68,43,8,2,0.25
Valkenswaard,858,30910,33,10.68,44,13,0,0
Valkenswaard,858,30910,33,10.68,45,14,1,0.071
Valkenswaard,858,30910,33,10.68,46,20,0,0
Veendam,47,27490,19,6.91,44,11,0,0
Veendam,47,27490,19,6.91,45,12,1,0.083
Veendam,47,27490,19,6.91,46,14,0,0
Veendam,47,27490,19,6.91,47,2,0,0
Veenendaal,345,65595,69,10.52,43,7,1,0.143
Veenendaal,345,65595,69,10.52,44,25,3,0.12
Veenendaal,345,65595,69,10.52,45,39,2,0.051
Veenendaal,345,65595,69,10.52,46,43,1,0.023
Veenendaal,345,65595,69,10.52,47,2,0,0
Veere,717,21830,16,7.33,43,3,0,0
Veere,717,21830,16,7.33,44,7,0,0
Veere,717,21830,16,7.33,45,8,0,0
Veere,717,21830,16,7.33,46,12,1,0.083
Veere,717,21830,16,7.33,47,2,0,0
Veldhoven,861,45340,63,13.9,42,1,0,0
Veldhoven,861,45340,63,13.9,43,11,0,0
Veldhoven,861,45340,63,13.9,44,28,2,0.071
Veldhoven,861,45340,63,13.9,45,39,2,0.051
Veldhoven,861,45340,63,13.9,46,41,3,0.073
Veldhoven,861,45340,63,13.9,47,2,0,0
Velsen,453,68270,70,10.25,42,1,0,0
Velsen,453,68270,70,10.25,43,10,2,0.2
Velsen,453,68270,70,10.25,44,23,3,0.13
Velsen,453,68270,70,10.25,45,34,3,0.088
Velsen,453,68270,70,10.25,46,48,4,0.083
Velsen,453,68270,70,10.25,47,3,0,0
Venlo,983,101605,87,8.56,42,1,0,0
Venlo,983,101605,87,8.56,43,10,1,0.1
Venlo,983,101605,87,8.56,44,31,1,0.032
Venlo,983,101605,87,8.56,45,49,5,0.102
Venlo,983,101605,87,8.56,46,63,4,0.063
Venlo,983,101605,87,8.56,47,4,0,0
Venray,984,43325,42,9.69,43,12,1,0.083
Venray,984,43325,42,9.69,44,12,1,0.083
Venray,984,43325,42,9.69,45,24,2,0.083
Venray,984,43325,42,9.69,46,25,1,0.04
Venray,984,43325,42,9.69,47,2,0,0
Vijfheerenlanden,1961,55715,45,8.08,43,5,1,0.2
Vijfheerenlanden,1961,55715,45,8.08,44,20,1,0.05
Vijfheerenlanden,1961,55715,45,8.08,45,25,2,0.08
Vijfheerenlanden,1961,55715,45,8.08,46,25,0,0
Vijfheerenlanden,1961,55715,45,8.08,47,2,0,0
Vlaardingen,622,72410,53,7.32,42,1,0,0
Vlaardingen,622,72410,53,7.32,43,5,0,0
Vlaardingen,622,72410,53,7.32,44,18,3,0.167
Vlaardingen,622,72410,53,7.32,45,30,4,0.133
Vlaardingen,622,72410,53,7.32,46,39,5,0.128
Vlaardingen,622,72410,53,7.32,47,5,0,0
Vlieland,96,1140,0,0,NA,NA,NA,NA
Vlissingen,718,44375,44,9.92,43,5,1,0.2
Vlissingen,718,44375,44,9.92,44,17,1,0.059
Vlissingen,718,44375,44,9.92,45,26,2,0.077
Vlissingen,718,44375,44,9.92,46,31,2,0.065
Vlissingen,718,44375,44,9.92,47,2,0,0
Voerendaal,986,12450,16,12.85,43,3,0,0
Voerendaal,986,12450,16,12.85,44,11,0,0
Voerendaal,986,12450,16,12.85,45,11,0,0
Voerendaal,986,12450,16,12.85,46,14,0,0
Voerendaal,986,12450,16,12.85,47,1,0,0
Voorschoten,626,25480,24,9.42,43,3,1,0.333
Voorschoten,626,25480,24,9.42,44,9,0,0
Voorschoten,626,25480,24,9.42,45,15,1,0.067
Voorschoten,626,25480,24,9.42,46,13,0,0
Voorst,285,24420,24,9.83,43,5,0,0
Voorst,285,24420,24,9.83,44,8,1,0.125
Voorst,285,24420,24,9.83,45,14,0,0
Voorst,285,24420,24,9.83,46,18,1,0.056
Voorst,285,24420,24,9.83,47,2,0,0
Vught,865,26390,32,12.13,43,4,0,0
Vught,865,26390,32,12.13,44,9,2,0.222
Vught,865,26390,32,12.13,45,21,1,0.048
Vught,865,26390,32,12.13,46,23,1,0.043
Vught,865,26390,32,12.13,47,4,0,0
Waadhoeke,1949,46035,44,9.56,43,3,0,0
Waadhoeke,1949,46035,44,9.56,44,19,0,0
Waadhoeke,1949,46035,44,9.56,45,21,0,0
Waadhoeke,1949,46035,44,9.56,46,32,1,0.031
Waadhoeke,1949,46035,44,9.56,47,1,0,0
Waalre,866,17250,30,17.39,43,5,0,0
Waalre,866,17250,30,17.39,44,15,2,0.133
Waalre,866,17250,30,17.39,45,23,3,0.13
Waalre,866,17250,30,17.39,46,27,5,0.185
Waalre,866,17250,30,17.39,47,3,0,0
Waalwijk,867,48235,33,6.84,42,1,0,0
Waalwijk,867,48235,33,6.84,43,4,1,0.25
Waalwijk,867,48235,33,6.84,44,15,0,0
Waalwijk,867,48235,33,6.84,45,26,2,0.077
Waalwijk,867,48235,33,6.84,46,28,1,0.036
Waalwijk,867,48235,33,6.84,47,1,0,0
Waddinxveen,627,28320,41,14.48,43,7,0,0
Waddinxveen,627,28320,41,14.48,44,13,1,0.077
Waddinxveen,627,28320,41,14.48,45,23,0,0
Waddinxveen,627,28320,41,14.48,46,30,0,0
Waddinxveen,627,28320,41,14.48,47,2,0,0
Wageningen,289,38770,76,19.6,42,2,1,0.5
Wageningen,289,38770,76,19.6,43,17,0,0
Wageningen,289,38770,76,19.6,44,27,2,0.074
Wageningen,289,38770,76,19.6,45,39,2,0.051
Wageningen,289,38770,76,19.6,46,48,2,0.042
Wassenaar,629,26200,19,7.25,43,5,1,0.2
Wassenaar,629,26200,19,7.25,44,7,0,0
Wassenaar,629,26200,19,7.25,45,9,1,0.111
Wassenaar,629,26200,19,7.25,46,8,1,0.125
Wassenaar,629,26200,19,7.25,47,1,0,0
Waterland,852,17315,9,5.2,43,1,1,1
Waterland,852,17315,9,5.2,44,5,0,0
Waterland,852,17315,9,5.2,45,4,0,0
Waterland,852,17315,9,5.2,46,5,1,0.2
Waterland,852,17315,9,5.2,47,2,0,0
Weert,988,49845,41,8.23,42,1,0,0
Weert,988,49845,41,8.23,43,3,1,0.333
Weert,988,49845,41,8.23,44,20,2,0.1
Weert,988,49845,41,8.23,45,22,3,0.136
Weert,988,49845,41,8.23,46,32,1,0.031
Weert,988,49845,41,8.23,47,4,1,0.25
Weesp,457,19335,18,9.31,43,6,2,0.333
Weesp,457,19335,18,9.31,44,8,2,0.25
Weesp,457,19335,18,9.31,45,12,0,0
Weesp,457,19335,18,9.31,46,16,1,0.062
Weesp,457,19335,18,9.31,47,1,0,0
West Betuwe,1960,50680,63,12.43,43,10,1,0.1
West Betuwe,1960,50680,63,12.43,44,19,2,0.105
West Betuwe,1960,50680,63,12.43,45,39,3,0.077
West Betuwe,1960,50680,63,12.43,46,44,2,0.045
West Betuwe,1960,50680,63,12.43,47,6,0,0
West Maas en Waal,668,19080,19,9.96,43,2,1,0.5
West Maas en Waal,668,19080,19,9.96,44,7,2,0.286
West Maas en Waal,668,19080,19,9.96,45,10,2,0.2
West Maas en Waal,668,19080,19,9.96,46,17,3,0.176
West Maas en Waal,668,19080,19,9.96,47,1,0,0
Westerkwartier,1969,63040,62,9.84,43,15,1,0.067
Westerkwartier,1969,63040,62,9.84,44,25,1,0.04
Westerkwartier,1969,63040,62,9.84,45,40,4,0.1
Westerkwartier,1969,63040,62,9.84,46,42,2,0.048
Westerkwartier,1969,63040,62,9.84,47,6,0,0
Westerveld,1701,19285,15,7.78,44,6,0,0
Westerveld,1701,19285,15,7.78,45,10,0,0
Westerveld,1701,19285,15,7.78,46,12,1,0.083
Westervoort,293,14940,14,9.37,43,1,0,0
Westervoort,293,14940,14,9.37,44,6,1,0.167
Westervoort,293,14940,14,9.37,45,7,1,0.143
Westervoort,293,14940,14,9.37,46,8,0,0
Westerwolde,1950,25205,12,4.76,43,1,0,0
Westerwolde,1950,25205,12,4.76,44,6,2,0.333
Westerwolde,1950,25205,12,4.76,45,9,0,0
Westerwolde,1950,25205,12,4.76,46,9,0,0
Westerwolde,1950,25205,12,4.76,47,1,0,0
Westland,1783,108605,104,9.58,42,3,0,0
Westland,1783,108605,104,9.58,43,13,2,0.154
Westland,1783,108605,104,9.58,44,53,7,0.132
Westland,1783,108605,104,9.58,45,65,3,0.046
Westland,1783,108605,104,9.58,46,71,2,0.028
Westland,1783,108605,104,9.58,47,3,0,0
Weststellingwerf,98,25845,16,6.19,43,6,0,0
Weststellingwerf,98,25845,16,6.19,44,5,1,0.2
Weststellingwerf,98,25845,16,6.19,45,7,0,0
Weststellingwerf,98,25845,16,6.19,46,11,0,0
Weststellingwerf,98,25845,16,6.19,47,2,0,0
Westvoorne,614,14625,6,4.1,43,1,0,0
Westvoorne,614,14625,6,4.1,44,2,0,0
Westvoorne,614,14625,6,4.1,45,1,0,0
Westvoorne,614,14625,6,4.1,46,5,0,0
Westvoorne,614,14625,6,4.1,47,2,0,0
Wierden,189,24355,18,7.39,43,1,0,0
Wierden,189,24355,18,7.39,44,10,0,0
Wierden,189,24355,18,7.39,45,8,0,0
Wierden,189,24355,18,7.39,46,12,0,0
Wierden,189,24355,18,7.39,47,1,0,0
Wijchen,296,40940,42,10.26,43,5,0,0
Wijchen,296,40940,42,10.26,44,22,2,0.091
Wijchen,296,40940,42,10.26,45,23,1,0.043
Wijchen,296,40940,42,10.26,46,34,0,0
Wijchen,296,40940,42,10.26,47,3,1,0.333
Wijdemeren,1696,24010,24,10,43,1,0,0
Wijdemeren,1696,24010,24,10,44,9,0,0
Wijdemeren,1696,24010,24,10,45,11,0,0
Wijdemeren,1696,24010,24,10,46,14,0,0
Wijdemeren,1696,24010,24,10,47,1,0,0
Wijk bij Duurstede,352,23755,36,15.15,43,6,0,0
Wijk bij Duurstede,352,23755,36,15.15,44,14,3,0.214
Wijk bij Duurstede,352,23755,36,15.15,45,21,2,0.095
Wijk bij Duurstede,352,23755,36,15.15,46,27,5,0.185
Winterswijk,294,28900,14,4.84,43,1,0,0
Winterswijk,294,28900,14,4.84,44,7,1,0.143
Winterswijk,294,28900,14,4.84,45,11,0,0
Winterswijk,294,28900,14,4.84,46,10,1,0.1
Winterswijk,294,28900,14,4.84,47,2,0,0
Woensdrecht,873,21865,15,6.86,43,4,1,0.25
Woensdrecht,873,21865,15,6.86,44,6,0,0
Woensdrecht,873,21865,15,6.86,45,5,0,0
Woensdrecht,873,21865,15,6.86,46,14,1,0.071
Woensdrecht,873,21865,15,6.86,47,2,0,0
Woerden,632,52190,73,13.99,43,16,0,0
Woerden,632,52190,73,13.99,44,29,5,0.172
Woerden,632,52190,73,13.99,45,40,4,0.1
Woerden,632,52190,73,13.99,46,47,1,0.021
Woerden,632,52190,73,13.99,47,3,0,0
Wormerland,880,16325,17,10.41,44,9,1,0.111
Wormerland,880,16325,17,10.41,45,11,1,0.091
Wormerland,880,16325,17,10.41,46,13,0,0
Wormerland,880,16325,17,10.41,47,1,0,0
Woudenberg,351,13165,15,11.39,43,2,0,0
Woudenberg,351,13165,15,11.39,44,6,0,0
Woudenberg,351,13165,15,11.39,45,8,0,0
Woudenberg,351,13165,15,11.39,46,7,0,0
Zaanstad,479,155875,119,7.63,43,13,1,0.077
Zaanstad,479,155875,119,7.63,44,44,2,0.045
Zaanstad,479,155875,119,7.63,45,71,2,0.028
Zaanstad,479,155875,119,7.63,46,82,3,0.037
Zaanstad,479,155875,119,7.63,47,5,0,0
Zaltbommel,297,28450,27,9.49,42,1,1,1
Zaltbommel,297,28450,27,9.49,43,7,2,0.286
Zaltbommel,297,28450,27,9.49,44,7,2,0.286
Zaltbommel,297,28450,27,9.49,45,15,1,0.067
Zaltbommel,297,28450,27,9.49,46,19,2,0.105
Zaltbommel,297,28450,27,9.49,47,3,0,0
Zandvoort,473,17010,14,8.23,43,1,0,0
Zandvoort,473,17010,14,8.23,44,5,2,0.4
Zandvoort,473,17010,14,8.23,45,7,0,0
Zandvoort,473,17010,14,8.23,46,10,0,0
Zandvoort,473,17010,14,8.23,47,1,0,0
Zeewolde,50,22305,39,17.48,43,6,1,0.167
Zeewolde,50,22305,39,17.48,44,9,2,0.222
Zeewolde,50,22305,39,17.48,45,20,0,0
Zeewolde,50,22305,39,17.48,46,26,1,0.038
Zeewolde,50,22305,39,17.48,47,2,0,0
Zeist,355,63925,79,12.36,42,1,0,0
Zeist,355,63925,79,12.36,43,14,2,0.143
Zeist,355,63925,79,12.36,44,27,1,0.037
Zeist,355,63925,79,12.36,45,43,2,0.047
Zeist,355,63925,79,12.36,46,48,2,0.042
Zeist,355,63925,79,12.36,47,4,0,0
Zevenaar,299,43490,32,7.36,43,6,0,0
Zevenaar,299,43490,32,7.36,44,10,1,0.1
Zevenaar,299,43490,32,7.36,45,24,3,0.125
Zevenaar,299,43490,32,7.36,46,30,3,0.1
Zevenaar,299,43490,32,7.36,47,2,1,0.5
Zoetermeer,637,124945,151,12.09,42,1,0,0
Zoetermeer,637,124945,151,12.09,43,23,3,0.13
Zoetermeer,637,124945,151,12.09,44,53,6,0.113
Zoetermeer,637,124945,151,12.09,45,92,5,0.054
Zoetermeer,637,124945,151,12.09,46,104,7,0.067
Zoetermeer,637,124945,151,12.09,47,10,0,0
Zoeterwoude,638,8450,9,10.65,44,5,0,0
Zoeterwoude,638,8450,9,10.65,45,5,0,0
Zoeterwoude,638,8450,9,10.65,46,7,0,0
Zoeterwoude,638,8450,9,10.65,47,2,0,0
Zuidplas,1892,42760,61,14.27,42,1,0,0
Zuidplas,1892,42760,61,14.27,43,8,0,0
Zuidplas,1892,42760,61,14.27,44,29,2,0.069
Zuidplas,1892,42760,61,14.27,45,31,4,0.129
Zuidplas,1892,42760,61,14.27,46,45,3,0.067
Zuidplas,1892,42760,61,14.27,47,3,0,0
Zundert,879,21610,21,9.72,43,3,0,0
Zundert,879,21610,21,9.72,44,9,0,0
Zundert,879,21610,21,9.72,45,12,0,0
Zundert,879,21610,21,9.72,46,13,0,0
Zundert,879,21610,21,9.72,47,2,0,0
Zutphen,301,47600,41,8.61,43,6,1,0.167
Zutphen,301,47600,41,8.61,44,16,2,0.125
Zutphen,301,47600,41,8.61,45,23,2,0.087
Zutphen,301,47600,41,8.61,46,25,0,0
Zutphen,301,47600,41,8.61,47,4,1,0.25
Zwartewaterland,1896,22505,24,10.66,43,5,0,0
Zwartewaterland,1896,22505,24,10.66,44,12,0,0
Zwartewaterland,1896,22505,24,10.66,45,17,0,0
Zwartewaterland,1896,22505,24,10.66,46,18,2,0.111
Zwartewaterland,1896,22505,24,10.66,47,2,0,0
Zwijndrecht,642,44640,41,9.18,42,2,0,0
Zwijndrecht,642,44640,41,9.18,43,8,0,0
Zwijndrecht,642,44640,41,9.18,44,14,1,0.071
Zwijndrecht,642,44640,41,9.18,45,23,2,0.087
Zwijndrecht,642,44640,41,9.18,46,24,1,0.042
Zwijndrecht,642,44640,41,9.18,47,3,0,0
Zwolle,193,127495,160,12.55,43,22,3,0.136
Zwolle,193,127495,160,12.55,44,59,2,0.034
Zwolle,193,127495,160,12.55,45,83,4,0.048
Zwolle,193,127495,160,12.55,46,113,5,0.044
Zwolle,193,127495,160,12.55,47,11,0,0
